# generated terrain
g terrain
v -26.000000 -19.000000 0.030690
v -24.916667 -19.000000 0.091450
v -23.833333 -19.000000 0.139119
v -22.750000 -19.000000 0.171294
v -21.666667 -19.000000 0.186377
v -20.583333 -19.000000 0.183657
v -19.500000 -19.000000 0.163351
v -18.416667 -19.000000 0.126590
v -17.333333 -19.000000 0.075355
v -16.250000 -19.000000 0.012368
v -15.166667 -19.000000 -0.059061
v -14.083333 -19.000000 -0.135215
v -13.000000 -19.000000 -0.212177
v -11.916667 -19.000000 -0.286042
v -10.833333 -19.000000 -0.353133
v -9.750000 -19.000000 -0.410199
v -8.666667 -19.000000 -0.454588
v -7.583333 -19.000000 -0.484391
v -6.500000 -19.000000 -0.498538
v -5.416667 -19.000000 -0.496847
v -4.333333 -19.000000 -0.480025
v -3.250000 -19.000000 -0.449618
v -2.166667 -19.000000 -0.407913
v -1.083333 -19.000000 -0.357799
v 0.000000 -19.000000 -0.302594
v 1.083333 -19.000000 -0.245853
v 2.166667 -19.000000 -0.191154
v 3.250000 -19.000000 -0.141894
v 4.333333 -19.000000 -0.101089
v 5.416667 -19.000000 -0.071202
v 6.500000 -19.000000 -0.053999
v 7.583333 -19.000000 -0.050449
v 8.666667 -19.000000 -0.060668
v 9.750000 -19.000000 -0.083918
v 10.833333 -19.000000 -0.118644
v 11.916667 -19.000000 -0.162574
v 13.000000 -19.000000 -0.212847
v 14.083333 -19.000000 -0.266183
v 15.166667 -19.000000 -0.319077
v 16.250000 -19.000000 -0.368004
v 17.333333 -19.000000 -0.409627
v 18.416667 -19.000000 -0.440996
v 19.500000 -19.000000 -0.459724
v 20.583333 -19.000000 -0.464136
v 21.666667 -19.000000 -0.453368
v 22.750000 -19.000000 -0.427431
v 23.833333 -19.000000 -0.387218
v 24.916667 -19.000000 -0.334464
v 26.000000 -19.000000 -0.271659
v -26.000000 -17.882353 0.032226
v -24.916667 -17.882353 0.091211
v -23.833333 -17.882353 0.136977
v -22.750000 -17.882353 0.167154
v -21.666667 -17.882353 0.180176
v -20.583333 -17.882353 0.175368
v -19.500000 -17.882353 0.152982
v -18.416667 -17.882353 0.114184
v -17.333333 -17.882353 0.060990
v -16.250000 -17.882353 -0.003845
v -15.166667 -17.882353 -0.076981
v -14.083333 -17.882353 -0.154672
v -13.000000 -17.882353 -0.232974
v -11.916667 -17.882353 -0.307961
v -10.833333 -17.882353 -0.375935
v -9.750000 -17.882353 -0.433630
v -8.666667 -17.882353 -0.478386
v -7.583333 -17.882353 -0.508286
v -6.500000 -17.882353 -0.522258
v -5.416667 -17.882353 -0.520124
v -4.333333 -17.882353 -0.502599
v -3.250000 -17.882353 -0.471239
v -2.166667 -17.882353 -0.428347
v -1.083333 -17.882353 -0.376834
v 0.000000 -17.882353 -0.320042
v 1.083333 -17.882353 -0.261550
v 2.166667 -17.882353 -0.204967
v 3.250000 -17.882353 -0.153722
v 4.333333 -17.882353 -0.110864
v 5.416667 -17.882353 -0.078891
v 6.500000 -17.882353 -0.059604
v 7.583333 -17.882353 -0.054008
v 8.666667 -17.882353 -0.062253
v 9.750000 -17.882353 -0.083633
v 10.833333 -17.882353 -0.116627
v 11.916667 -17.882353 -0.158990
v 13.000000 -17.882353 -0.207888
v 14.083333 -17.882353 -0.260066
v 15.166667 -17.882353 -0.312037
v 16.250000 -17.882353 -0.360290
v 17.333333 -17.882353 -0.401502
v 18.416667 -17.882353 -0.432729
v 19.500000 -17.882353 -0.451588
v 20.583333 -17.882353 -0.456398
v 21.666667 -17.882353 -0.446292
v 22.750000 -17.882353 -0.421267
v 23.833333 -17.882353 -0.382202
v 24.916667 -17.882353 -0.330814
v 26.000000 -17.882353 -0.269566
v -26.000000 -16.764706 0.040776
v -24.916667 -16.764706 0.097854
v -23.833333 -16.764706 0.141619
v -22.750000 -16.764706 0.169734
v -21.666667 -16.764706 0.180668
v -20.583333 -16.764706 0.173781
v -19.500000 -16.764706 0.149360
v -18.416667 -16.764706 0.108606
v -17.333333 -16.764706 0.053567
v -16.250000 -16.764706 -0.012970
v -15.166667 -16.764706 -0.087637
v -14.083333 -16.764706 -0.166661
v -13.000000 -16.764706 -0.246077
v -11.916667 -16.764706 -0.321939
v -10.833333 -16.764706 -0.390534
v -9.750000 -16.764706 -0.448588
v -8.666667 -16.764706 -0.493432
v -7.583333 -16.764706 -0.523149
v -6.500000 -16.764706 -0.536670
v -5.416667 -16.764706 -0.533824
v -4.333333 -16.764706 -0.515337
v -3.250000 -16.764706 -0.482784
v -2.166667 -16.764706 -0.438488
v -1.083333 -16.764706 -0.385381
v 0.000000 -16.764706 -0.326833
v 1.083333 -16.764706 -0.266453
v 2.166667 -16.764706 -0.207883
v 3.250000 -16.764706 -0.154584
v 4.333333 -16.764706 -0.109640
v 5.416667 -16.764706 -0.075584
v 6.500000 -16.764706 -0.054252
v 7.583333 -16.764706 -0.046684
v 8.666667 -16.764706 -0.053063
v 9.750000 -16.764706 -0.072716
v 10.833333 -16.764706 -0.104148
v 11.916667 -16.764706 -0.145144
v 13.000000 -16.764706 -0.192891
v 14.083333 -16.764706 -0.244152
v 15.166667 -16.764706 -0.295458
v 16.250000 -16.764706 -0.343310
v 17.333333 -16.764706 -0.384388
v 18.416667 -16.764706 -0.415753
v 19.500000 -16.764706 -0.435019
v 20.583333 -16.764706 -0.440499
v 21.666667 -16.764706 -0.431313
v 22.750000 -16.764706 -0.407444
v 23.833333 -16.764706 -0.369751
v 24.916667 -16.764706 -0.319926
v 26.000000 -16.764706 -0.260410
v -26.000000 -15.647059 0.056163
v -24.916667 -15.647059 0.111238
v -23.833333 -15.647059 0.152939
v -22.750000 -15.647059 0.178966
v -21.666667 -15.647059 0.187822
v -20.583333 -15.647059 0.178902
v -19.500000 -15.647059 0.152528
v -18.416667 -15.647059 0.109933
v -17.333333 -15.647059 0.053197
v -16.250000 -15.647059 -0.014866
v -15.166667 -15.647059 -0.090859
v -14.083333 -15.647059 -0.170990
v -13.000000 -15.647059 -0.251273
v -11.916667 -15.647059 -0.327748
v -10.833333 -15.647059 -0.396693
v -9.750000 -15.647059 -0.454827
v -8.666667 -15.647059 -0.499479
v -7.583333 -15.647059 -0.528736
v -6.500000 -15.647059 -0.541537
v -5.416667 -15.647059 -0.537723
v -4.333333 -15.647059 -0.518036
v -3.250000 -15.647059 -0.484072
v -2.166667 -15.647059 -0.438176
v -1.083333 -15.647059 -0.383309
v 0.000000 -15.647059 -0.322869
v 1.083333 -15.647059 -0.260500
v 2.166667 -15.647059 -0.199873
v 3.250000 -15.647059 -0.144487
v 4.333333 -15.647059 -0.097461
v 5.416667 -15.647059 -0.061362
v 6.500000 -15.647059 -0.038062
v 7.583333 -15.647059 -0.028632
v 8.666667 -15.647059 -0.033288
v 9.750000 -15.647059 -0.051385
v 10.833333 -15.647059 -0.081457
v 11.916667 -15.647059 -0.121308
v 13.000000 -15.647059 -0.168146
v 14.083333 -15.647059 -0.218751
v 15.166667 -15.647059 -0.269663
v 16.250000 -15.647059 -0.317390
v 17.333333 -15.647059 -0.358615
v 18.416667 -15.647059 -0.390396
v 19.500000 -15.647059 -0.410339
v 20.583333 -15.647059 -0.416747
v 21.666667 -15.647059 -0.408724
v 22.750000 -15.647059 -0.386233
v 23.833333 -15.647059 -0.350110
v 24.916667 -15.647059 -0.302021
v 26.000000 -15.647059 -0.244376
v -26.000000 -14.529412 0.077891
v -24.916667 -14.529412 0.130901
v -23.833333 -14.529412 0.170514
v -22.750000 -14.529412 0.194463
v -21.666667 -14.529412 0.201288
v -20.583333 -14.529412 0.190418
v -19.500000 -14.529412 0.162207
v -18.416667 -14.529412 0.117920
v -17.333333 -14.529412 0.059666
v -16.250000 -14.529412 -0.009717
v -15.166667 -14.529412 -0.086810
v -14.083333 -14.529412 -0.167800
v -13.000000 -14.529412 -0.248688
v -11.916667 -14.529412 -0.325505
v -10.833333 -14.529412 -0.394521
v -9.750000 -14.529412 -0.452454
v -8.666667 -14.529412 -0.496638
v -7.583333 -14.529412 -0.525167
v -6.500000 -14.529412 -0.536992
v -5.416667 -14.529412 -0.531971
v -4.333333 -14.529412 -0.510866
v -3.250000 -14.529412 -0.475297
v -2.166667 -14.529412 -0.427636
v -1.083333 -14.529412 -0.370874
v 0.000000 -14.529412 -0.308442
v 1.083333 -14.529412 -0.244015
v 2.166667 -14.529412 -0.181302
v 3.250000 -14.529412 -0.123834
v 4.333333 -14.529412 -0.074767
v 5.416667 -14.529412 -0.036702
v 6.500000 -14.529412 -0.011544
v 7.583333 -14.529412 -0.000396
v 8.666667 -14.529412 -0.003503
v 9.750000 -14.529412 -0.020245
v 10.833333 -14.529412 -0.049179
v 11.916667 -14.529412 -0.088130
v 13.000000 -14.529412 -0.134320
v 14.083333 -14.529412 -0.184540
v 15.166667 -14.529412 -0.235335
v 16.250000 -14.529412 -0.283217
v 17.333333 -14.529412 -0.324867
v 18.416667 -14.529412 -0.357333
v 19.500000 -14.529412 -0.378212
v 20.583333 -14.529412 -0.385790
v 21.666667 -14.529412 -0.379151
v 22.750000 -14.529412 -0.358236
v 23.833333 -14.529412 -0.323853
v 24.916667 -14.529412 -0.277640
v 26.000000 -14.529412 -0.221974
v -26.000000 -13.411765 0.105161
v -24.916667 -13.411765 0.156082
v -23.833333 -13.411765 0.193619
v -22.750000 -13.411765 0.215540
v -21.666667 -13.411765 0.220418
v -20.583333 -13.411765 0.207715
v -19.500000 -13.411765 0.177817
v -18.416667 -13.411765 0.132017
v -17.333333 -13.411765 0.072449
v -16.250000 -13.411765 0.001974
v -15.166667 -13.411765 -0.075970
v -14.083333 -13.411765 -0.157557
v -13.000000 -13.411765 -0.238778
v -11.916667 -13.411765 -0.315657
v -10.833333 -13.411765 -0.384465
v -9.750000 -13.411765 -0.441921
v -8.666667 -13.411765 -0.485369
v -7.583333 -13.411765 -0.512915
v -6.500000 -13.411765 -0.523526
v -5.416667 -13.411765 -0.517080
v -4.333333 -13.411765 -0.494365
v -3.250000 -13.411765 -0.457026
v -2.166667 -13.411765 -0.407467
v -1.083333 -13.411765 -0.348710
v 0.000000 -13.411765 -0.284219
v 1.083333 -13.411765 -0.217704
v 2.166667 -13.411765 -0.152910
v 3.250000 -13.411765 -0.093403
v 4.333333 -13.411765 -0.042373
v 5.416667 -13.411765 -0.002454
v 6.500000 -13.411765 0.024417
v 7.583333 -13.411765 0.037109
v 8.666667 -13.411765 0.035350
v 9.750000 -13.411765 0.019738
v 10.833333 -13.411765 -0.008304
v 11.916667 -13.411765 -0.046614
v 13.000000 -13.411765 -0.092427
v 14.083333 -13.411765 -0.142539
v 15.166667 -13.411765 -0.193499
v 16.250000 -13.411765 -0.241814
v 17.333333 -13.411765 -0.284157
v 18.416667 -13.411765 -0.317567
v 19.500000 -13.411765 -0.339623
v 20.583333 -13.411765 -0.348592
v 21.666667 -13.411765 -0.343534
v 22.750000 -13.411765 -0.324364
v 23.833333 -13.411765 -0.291860
v 24.916667 -13.411765 -0.247628
v 26.000000 -13.411765 -0.194013
v -26.000000 -12.294118 0.136904
v -24.916667 -12.294118 0.185750
v -23.833333 -12.294118 0.221260
v -22.750000 -12.294118 0.241236
v -21.666667 -12.294118 0.244286
v -20.583333 -12.294118 0.229901
v -19.500000 -12.294118 0.198496
v -18.416667 -12.294118 0.151389
v -17.333333 -12.294118 0.090737
v -16.250000 -12.294118 0.019419
v -15.166667 -12.294118 -0.059115
v -14.083333 -12.294118 -0.141026
v -13.000000 -12.294118 -0.222301
v -11.916667 -12.294118 -0.298962
v -10.833333 -12.294118 -0.367285
v -9.750000 -12.294118 -0.423997
v -8.666667 -12.294118 -0.466454
v -7.583333 -12.294118 -0.492778
v -6.500000 -12.294118 -0.501959
v -5.416667 -12.294118 -0.493897
v -4.333333 -12.294118 -0.469409
v -3.250000 -12.294118 -0.430168
v -2.166667 -12.294118 -0.378611
v -1.083333 -12.294118 -0.317793
v 0.000000 -12.294118 -0.251214
v 1.083333 -12.294118 -0.182620
v 2.166667 -12.294118 -0.115788
v 3.250000 -12.294118 -0.054321
v 4.333333 -12.294118 -0.001441
v 5.416667 -12.294118 0.040186
v 6.500000 -12.294118 0.068595
v 7.583333 -12.294118 0.082628
v 8.666667 -12.294118 0.081992
v 9.750000 -12.294118 0.067265
v 10.833333 -12.294118 0.039856
v 11.916667 -12.294118 0.001914
v 13.000000 -12.294118 -0.043801
v 14.083333 -12.294118 -0.094085
v 15.166667 -12.294118 -0.145486
v 16.250000 -12.294118 -0.194502
v 17.333333 -12.294118 -0.237797
v 18.416667 -12.294118 -0.272391
v 19.500000 -12.294118 -0.295844
v 20.583333 -12.294118 -0.306400
v 21.666667 -12.294118 -0.303092
v 22.750000 -12.294118 -0.285805
v 23.833333 -12.294118 -0.255285
v 24.916667 -12.294118 -0.213106
v 26.000000 -12.294118 -0.161576
v -26.000000 -11.176471 0.171821
v -24.916667 -11.176471 0.218642
v -23.833333 -11.176471 0.252211
v -22.750000 -11.176471 0.270363
v -21.666667 -11.176471 0.271736
v -20.583333 -11.176471 0.255850
v -19.500000 -11.176471 0.223146
v -18.416667 -11.176471 0.174962
v -17.333333 -11.176471 0.113473
v -16.250000 -11.176471 0.041574
v -15.166667 -11.176471 -0.037275
v -14.083333 -11.176471 -0.119231
v -13.000000 -11.176471 -0.200280
v -11.916667 -11.176471 -0.276448
v -10.833333 -11.176471 -0.344019
v -9.750000 -11.176471 -0.399732
v -8.666667 -11.176471 -0.440961
v -7.583333 -11.176471 -0.465849
v -6.500000 -11.176471 -0.473408
v -5.416667 -11.176471 -0.463568
v -4.333333 -11.176471 -0.437174
v -3.250000 -11.176471 -0.395932
v -2.166667 -11.176471 -0.342314
v -1.083333 -11.176471 -0.279408
v 0.000000 -11.176471 -0.210750
v 1.083333 -11.176471 -0.140120
v 2.166667 -11.176471 -0.071331
v 3.250000 -11.176471 -0.008018
v 4.333333 -11.176471 0.046565
v 5.416667 -11.176471 0.089724
v 6.500000 -11.176471 0.119468
v 7.583333 -11.176471 0.134617
v 8.666667 -11.176471 0.134858
v 9.750000 -11.176471 0.120755
v 10.833333 -11.176471 0.093705
v 11.916667 -11.176471 0.055854
v 13.000000 -11.176471 0.009958
v 14.083333 -11.176471 -0.040775
v 15.166667 -11.176471 -0.092886
v 16.250000 -11.176471 -0.142861
v 17.333333 -11.176471 -0.187347
v 18.416667 -11.176471 -0.223345
v 19.500000 -11.176471 -0.248391
v 20.583333 -11.176471 -0.260701
v 21.666667 -11.176471 -0.259279
v 22.750000 -11.176471 -0.243979
v 23.833333 -11.176471 -0.215514
v 24.916667 -11.176471 -0.175420
v 26.000000 -11.176471 -0.125974
v -26.000000 -10.058824 0.208438
v -24.916667 -10.058824 0.253321
v -23.833333 -10.058824 0.285070
v -22.750000 -10.058824 0.301551
v -21.666667 -10.058824 0.301429
v -20.583333 -10.058824 0.284250
v -19.500000 -10.058824 0.250475
v -18.416667 -10.058824 0.201463
v -17.333333 -10.058824 0.139402
v -16.250000 -10.058824 0.067196
v -15.166667 -10.058824 -0.011689
v -14.083333 -10.058824 -0.093411
v -13.000000 -10.058824 -0.173959
v -11.916667 -10.058824 -0.249366
v -10.833333 -10.058824 -0.315931
v -9.750000 -10.058824 -0.370409
v -8.666667 -10.058824 -0.410195
v -7.583333 -10.058824 -0.433456
v -6.500000 -10.058824 -0.439232
v -5.416667 -10.058824 -0.427483
v -4.333333 -10.058824 -0.399086
v -3.250000 -10.058824 -0.355782
v -2.166667 -10.058824 -0.300075
v -1.083333 -10.058824 -0.235090
v 0.000000 -10.058824 -0.164399
v 1.083333 -10.058824 -0.091815
v 2.166667 -10.058824 -0.021185
v 3.250000 -10.058824 0.043826
v 4.333333 -10.058824 0.099936
v 5.416667 -10.058824 0.144423
v 6.500000 -10.058824 0.175276
v 7.583333 -10.058824 0.191294
v 8.666667 -10.058824 0.192151
v 9.750000 -10.058824 0.178399
v 10.833333 -10.058824 0.151431
v 11.916667 -10.058824 0.113390
v 13.000000 -10.058824 0.067037
v 14.083333 -10.058824 0.015585
v 15.166667 -10.058824 -0.037492
v 16.250000 -10.058824 -0.088666
v 17.333333 -10.058824 -0.134561
v 18.416667 -10.058824 -0.172157
v 19.500000 -10.058824 -0.198962
v 20.583333 -10.058824 -0.213162
v 21.666667 -10.058824 -0.213731
v 22.750000 -10.058824 -0.200486
v 23.833333 -10.058824 -0.174107
v 24.916667 -10.058824 -0.136096
v 26.000000 -10.058824 -0.088693
v -26.000000 -8.941176 0.245165
v -24.916667 -8.941176 0.288233
v -23.833333 -8.941176 0.318315
v -22.750000 -8.941176 0.333307
v -21.666667 -8.941176 0.331898
v -20.583333 -8.941176 0.313657
v -19.500000 -8.941176 0.279062
v -18.416667 -8.941176 0.229486
v -17.333333 -8.941176 0.167126
v -16.250000 -8.941176 0.094892
v -15.166667 -8.941176 0.016250
v -14.083333 -8.941176 -0.064962
v -13.000000 -8.941176 -0.144741
v -11.916667 -8.941176 -0.219135
v -10.833333 -8.941176 -0.284458
v -9.750000 -8.941176 -0.337487
v -8.666667 -8.941176 -0.375640
v -7.583333 -8.941176 -0.397114
v -6.500000 -8.941176 -0.400978
v -5.416667 -8.941176 -0.387223
v -4.333333 -8.941176 -0.356762
v -3.250000 -8.941176 -0.311369
v -2.166667 -8.941176 -0.253584
v -1.083333 -8.941176 -0.186569
v 0.000000 -8.941176 -0.113926
v 1.083333 -8.941176 -0.039505
v 2.166667 -8.941176 0.032819
v 3.250000 -8.941176 0.099350
v 4.333333 -8.941176 0.156782
v 5.416667 -8.941176 0.202370
v 6.500000 -8.941176 0.234084
v 7.583333 -8.941176 0.250709
v 8.666667 -8.941176 0.251909
v 9.750000 -8.941176 0.238231
v 10.833333 -8.941176 0.211065
v 11.916667 -8.941176 0.172558
v 13.000000 -8.941176 0.125478
v 14.083333 -8.941176 0.073052
v 15.166667 -8.941176 0.018770
v 16.250000 -8.941176 -0.033820
v 17.333333 -8.941176 -0.081319
v 18.416667 -8.941176 -0.120679
v 19.500000 -8.941176 -0.149378
v 20.583333 -8.941176 -0.165570
v 21.666667 -8.941176 -0.168196
v 22.750000 -8.941176 -0.157038
v 23.833333 -8.941176 -0.132741
v 24.916667 -8.941176 -0.096771
v 26.000000 -8.941176 -0.051335
v -26.000000 -7.823529 0.280364
v -24.916667 -7.823529 0.321770
v -23.833333 -7.823529 0.350370
v -22.750000 -7.823529 0.364081
v -21.666667 -7.823529 0.361618
v -20.583333 -7.823529 0.342564
v -19.500000 -7.823529 0.307414
v -18.416667 -7.823529 0.257548
v -17.333333 -7.823529 0.195169
v -16.250000 -7.823529 0.123186
v -15.166667 -7.823529 0.045062
v -14.083333 -7.823529 -0.035374
v -13.000000 -7.823529 -0.114132
v -11.916667 -7.823529 -0.187277
v -10.833333 -7.823529 -0.251144
v -9.750000 -7.823529 -0.302535
v -8.666667 -7.823529 -0.338897
v -7.583333 -7.823529 -0.358455
v -6.500000 -7.823529 -0.360311
v -5.416667 -7.823529 -0.344491
v -4.333333 -7.823529 -0.311940
v -3.250000 -7.823529 -0.264471
v -2.166667 -7.823529 -0.204657
v -1.083333 -7.823529 -0.135693
v 0.000000 -7.823529 -0.061218
v 1.083333 -7.823529 0.014892
v 2.166667 -7.823529 0.088730
v 3.250000 -7.823529 0.156577
v 4.333333 -7.823529 0.215102
v 5.416667 -7.823529 0.261544
v 6.500000 -7.823529 0.293857
v 7.583333 -7.823529 0.310817
v 8.666667 -7.823529 0.312081
v 9.750000 -7.823529 0.298196
v 10.833333 -7.823529 0.270556
v 11.916667 -7.823529 0.231314
v 13.000000 -7.823529 0.183253
v 14.083333 -7.823529 0.129615
v 15.166667 -7.823529 0.073910
v 16.250000 -7.823529 0.019711
v 17.333333 -7.823529 -0.029557
v 18.416667 -7.823529 -0.070814
v 19.500000 -7.823529 -0.101507
v 20.583333 -7.823529 -0.119759
v 21.666667 -7.823529 -0.124471
v 22.750000 -7.823529 -0.115394
v 23.833333 -7.823529 -0.093137
v 24.916667 -7.823529 -0.059131
v 26.000000 -7.823529 -0.015549
v -26.000000 -6.705882 0.312415
v -24.916667 -6.705882 0.352344
v -23.833333 -6.705882 0.379671
v -22.750000 -6.705882 0.392336
v -21.666667 -6.705882 0.389068
v -20.583333 -6.705882 0.369466
v -19.500000 -6.705882 0.334034
v -18.416667 -6.705882 0.284158
v -17.333333 -6.705882 0.222039
v -16.250000 -6.705882 0.150583
v -15.166667 -6.705882 0.073243
v -14.083333 -6.705882 -0.006164
v -13.000000 -6.705882 -0.083666
v -11.916667 -6.705882 -0.155350
v -10.833333 -6.705882 -0.217574
v -9.750000 -6.705882 -0.267169
v -8.666667 -6.705882 -0.301612
v -7.583333 -6.705882 -0.319159
v -6.500000 -6.705882 -0.318948
v -5.416667 -6.705882 -0.301039
v -4.333333 -6.705882 -0.266413
v -3.250000 -6.705882 -0.216916
v -2.166667 -6.705882 -0.155158
v -1.083333 -6.705882 -0.084365
v 0.000000 -6.705882 -0.008206
v 1.083333 -6.705882 0.069413
v 2.166667 -6.705882 0.144559
v 3.250000 -6.705882 0.213492
v 4.333333 -6.705882 0.272862
v 5.416667 -6.705882 0.319895
v 6.500000 -6.705882 0.352534
v 7.583333 -6.705882 0.369550
v 8.666667 -6.705882 0.370599
v 9.750000 -6.705882 0.356231
v 10.833333 -6.705882 0.327849
v 11.916667 -6.705882 0.287618
v 13.000000 -6.705882 0.238338
v 14.083333 -6.705882 0.183270
v 15.166667 -6.705882 0.125951
v 16.250000 -6.705882 0.069979
v 17.333333 -6.705882 0.018810
v 18.416667 -6.705882 -0.024444
v 19.500000 -6.705882 -0.057198
v 20.583333 -6.705882 -0.077537
v 21.666667 -6.705882 -0.084330
v 22.750000 -6.705882 -0.077290
v 23.833333 -6.705882 -0.056994
v 24.916667 -6.705882 -0.024839
v 26.000000 -6.705882 0.017034
v -26.000000 -5.588235 0.339789
v -24.916667 -5.588235 0.378452
v -23.833333 -5.588235 0.404739
v -22.750000 -5.588235 0.416607
v -21.666667 -5.588235 0.412800
v -20.583333 -5.588235 0.392926
v -19.500000 -5.588235 0.357491
v -18.416667 -5.588235 0.307883
v -17.333333 -5.588235 0.246299
v -16.250000 -5.588235 0.175636
v -15.166667 -5.588235 0.099332
v -14.083333 -5.588235 0.021187
v -13.000000 -5.588235 -0.054847
v -11.916667 -5.588235 -0.124882
v -10.833333 -5.588235 -0.185306
v -9.750000 -5.588235 -0.232979
v -8.666667 -5.588235 -0.265409
v -7.583333 -5.588235 -0.280888
v -6.500000 -5.588235 -0.278588
v -5.416667 -5.588235 -0.258604
v -4.333333 -5.588235 -0.221953
v -3.250000 -5.588235 -0.170515
v -2.166667 -5.588235 -0.106931
v -1.083333 -5.588235 -0.034460
v 0.000000 -5.588235 0.043202
v 1.083333 -5.588235 0.122122
v 2.166667 -5.588235 0.198347
v 3.250000 -5.588235 0.268118
v 4.333333 -5.588235 0.328071
v 5.416667 -5.588235 0.375421
v 6.500000 -5.588235 0.408108
v 7.583333 -5.588235 0.424900
v 8.666667 -5.588235 0.425458
v 9.750000 -5.588235 0.410340
v 10.833333 -5.588235 0.380960
v 11.916667 -5.588235 0.339503
v 13.000000 -5.588235 0.288788
v 14.083333 -5.588235 0.232100
v 15.166667 -5.588235 0.173003
v 16.250000 -5.588235 0.115127
v 17.333333 -5.588235 0.061958
v 18.416667 -5.588235 0.016643
v 19.500000 -5.588235 -0.018199
v 20.583333 -5.588235 -0.040617
v 21.666667 -5.588235 -0.049446
v 22.750000 -5.588235 -0.044365
v 23.833333 -5.588235 -0.025915
v 24.916667 -5.588235 0.004536
v 26.000000 -5.588235 0.044875
v -26.000000 -4.470588 0.361110
v -24.916667 -4.470588 0.398740
v -23.833333 -4.470588 0.424239
v -22.750000 -4.470588 0.435576
v -21.666667 -4.470588 0.431504
v -20.583333 -4.470588 0.411636
v -19.500000 -4.470588 0.376479
v -18.416667 -4.470588 0.327414
v -17.333333 -4.470588 0.266631
v -16.250000 -4.470588 0.197011
v -15.166667 -4.470588 0.121977
v -14.083333 -4.470588 0.045306
v -13.000000 -4.470588 -0.029075
v -11.916667 -4.470588 -0.097306
v -10.833333 -4.470588 -0.155803
v -9.750000 -4.470588 -0.201461
v -8.666667 -4.470588 -0.231822
v -7.583333 -4.470588 -0.245212
v -6.500000 -4.470588 -0.240838
v -5.416667 -4.470588 -0.218831
v -4.333333 -4.470588 -0.180242
v -3.250000 -4.470588 -0.126982
v -2.166667 -4.470588 -0.061726
v -1.083333 -4.470588 0.012242
v 0.000000 -4.470588 0.091198
v 1.083333 -4.470588 0.171190
v 2.166667 -4.470588 0.248245
v 3.250000 -4.470588 0.318590
v 4.333333 -4.470588 0.378853
v 5.416667 -4.470588 0.426242
v 6.500000 -4.470588 0.458696
v 7.583333 -4.470588 0.474989
v 8.666667 -4.470588 0.474788
v 9.750000 -4.470588 0.458665
v 10.833333 -4.470588 0.428053
v 11.916667 -4.470588 0.385154
v 13.000000 -4.470588 0.332813
v 14.083333 -4.470588 0.274344
v 15.166667 -4.470588 0.213339
v 16.250000 -4.470588 0.153460
v 17.333333 -4.470588 0.098229
v 18.416667 -4.470588 0.050825
v 19.500000 -4.470588 0.013904
v 20.583333 -4.470588 -0.010548
v 21.666667 -4.470588 -0.021331
v 22.750000 -4.470588 -0.018093
v 23.833333 -4.470588 -0.001342
v 24.916667 -4.470588 0.027580
v 26.000000 -4.470588 0.066589
v -26.000000 -3.352941 0.375216
v -24.916667 -3.352941 0.412067
v -23.833333 -3.352941 0.437043
v -22.750000 -3.352941 0.448124
v -21.666667 -3.352941 0.444067
v -20.583333 -3.352941 0.424485
v -19.500000 -3.352941 0.389880
v -18.416667 -3.352941 0.341623
v -17.333333 -3.352941 0.281890
v -16.250000 -3.352941 0.213546
v -15.166667 -3.352941 0.139992
v -14.083333 -3.352941 0.064980
v -13.000000 -3.352941 -0.007592
v -11.916667 -3.352941 -0.073893
v -10.833333 -3.352941 -0.130373
v -9.750000 -3.352941 -0.173961
v -8.666667 -3.352941 -0.202232
v -7.583333 -3.352941 -0.213550
v -6.500000 -3.352941 -0.207155
v -5.416667 -3.352941 -0.183213
v -4.333333 -3.352941 -0.142807
v -3.250000 -3.352941 -0.087879
v -2.166667 -3.352941 -0.021132
v -1.083333 -3.352941 0.054123
v 0.000000 -3.352941 0.134144
v 1.083333 -3.352941 0.214958
v 2.166667 -3.352941 0.292579
v 3.250000 -3.352941 0.363225
v 4.333333 -3.352941 0.423517
v 5.416667 -3.352941 0.470665
v 6.500000 -3.352941 0.502612
v 7.583333 -3.352941 0.518138
v 8.666667 -3.352941 0.516926
v 9.750000 -3.352941 0.499563
v 10.833333 -3.352941 0.467502
v 11.916667 -3.352941 0.422973
v 13.000000 -3.352941 0.368846
v 14.083333 -3.352941 0.308465
v 15.166667 -3.352941 0.245455
v 16.250000 -3.352941 0.183512
v 17.333333 -3.352941 0.126192
v 18.416667 -3.352941 0.076710
v 19.500000 -3.352941 0.037758
v 20.583333 -3.352941 0.011354
v 21.666667 -3.352941 -0.001268
v 22.750000 -3.352941 0.000276
v 23.833333 -3.352941 0.015505
v 24.916667 -3.352941 0.043104
v 26.000000 -3.352941 0.081010
v -26.000000 -2.235294 0.381216
v -24.916667 -2.235294 0.417552
v -23.833333 -2.235294 0.442281
v -22.750000 -2.235294 0.453386
v -21.666667 -2.235294 0.449623
v -20.583333 -2.235294 0.430601
v -19.500000 -2.235294 0.396811
v -18.416667 -2.235294 0.349613
v -17.333333 -2.235294 0.291164
v -16.250000 -2.235294 0.224306
v -15.166667 -2.235294 0.152416
v -14.083333 -2.235294 0.079217
v -13.000000 -2.235294 0.008578
v -11.916667 -2.235294 -0.055704
v -10.833333 -2.235294 -0.110113
v -9.750000 -2.235294 -0.151611
v -8.666667 -2.235294 -0.177811
v -7.583333 -2.235294 -0.187110
v -6.500000 -2.235294 -0.178783
v -5.416667 -2.235294 -0.153029
v -4.333333 -2.235294 -0.110960
v -3.250000 -2.235294 -0.054548
v -2.166667 -2.235294 0.013480
v -1.083333 -2.235294 0.089793
v 0.000000 -2.235294 0.170628
v 1.083333 -2.235294 0.251999
v 2.166667 -2.235294 0.329913
v 3.250000 -2.235294 0.400580
v 4.333333 -2.235294 0.460623
v 5.416667 -2.235294 0.507255
v 6.500000 -2.235294 0.538427
v 7.583333 -2.235294 0.552934
v 8.666667 -2.235294 0.550474
v 9.750000 -2.235294 0.531657
v 10.833333 -2.235294 0.497960
v 11.916667 -2.235294 0.451640
v 13.000000 -2.235294 0.395598
v 14.083333 -2.235294 0.333210
v 15.166667 -2.235294 0.268135
v 16.250000 -2.235294 0.204103
v 17.333333 -2.235294 0.144706
v 18.416667 -2.235294 0.093195
v 19.500000 -2.235294 0.052294
v 20.583333 -2.235294 0.024055
v 21.666667 -2.235294 0.009744
v 22.750000 -2.235294 0.009772
v 23.833333 -2.235294 0.023684
v 24.916667 -2.235294 0.050188
v 26.000000 -2.235294 0.087239
v -26.000000 -1.117647 0.378525
v -24.916667 -1.117647 0.414622
v -23.833333 -1.117647 0.439382
v -22.750000 -1.117647 0.450790
v -21.666667 -1.117647 0.447596
v -20.583333 -1.117647 0.429398
v -19.500000 -1.117647 0.396674
v -18.416667 -1.117647 0.350765
v -17.333333 -1.117647 0.293808
v -16.250000 -1.117647 0.228619
v -15.166667 -1.117647 0.158547
v -14.083333 -1.117647 0.087284
v -13.000000 -1.117647 0.018666
v -11.916667 -1.117647 -0.043543
v -10.833333 -1.117647 -0.095862
v -9.750000 -1.117647 -0.135290
v -8.666667 -1.117647 -0.159474
v -7.583333 -1.117647 -0.166844
v -6.500000 -1.117647 -0.156709
v -5.416667 -1.117647 -0.129297
v -4.333333 -1.117647 -0.085750
v -3.250000 -1.117647 -0.028064
v -2.166667 -1.117647 0.041014
v -1.083333 -1.117647 0.118133
v 0.000000 -1.117647 0.199517
v 1.083333 -1.117647 0.281172
v 2.166667 -1.117647 0.359099
v 3.250000 -1.117647 0.429508
v 4.333333 -1.117647 0.489026
v 5.416667 -1.117647 0.534876
v 6.500000 -1.117647 0.565021
v 7.583333 -1.117647 0.578274
v 8.666667 -1.117647 0.574354
v 9.750000 -1.117647 0.553896
v 10.833333 -1.117647 0.518404
v 11.916667 -1.117647 0.470165
v 13.000000 -1.117647 0.412113
v 14.083333 -1.117647 0.347659
v 15.166667 -1.117647 0.280494
v 16.250000 -1.117647 0.214387
v 17.333333 -1.117647 0.152962
v 18.416667 -1.117647 0.099505
v 19.500000 -1.117647 0.056774
v 20.583333 -1.117647 0.026851
v 21.666667 -1.117647 0.011030
v 22.750000 -1.117647 0.009748
v 23.833333 -1.117647 0.022572
v 24.916667 -1.117647 0.048228
v 26.000000 -1.117647 0.084686
v -26.000000 0.000000 0.366896
v -24.916667 0.000000 0.403034
v -23.833333 0.000000 0.428106
v -22.750000 0.000000 0.440090
v -21.666667 0.000000 0.437727
v -20.583333 0.000000 0.420603
v -19.500000 0.000000 0.389176
v -18.416667 0.000000 0.344765
v -17.333333 0.000000 0.289482
v -16.250000 0.000000 0.226115
v -15.166667 0.000000 0.157982
v -14.083333 0.000000 0.088743
v -13.000000 0.000000 0.022199
v -11.916667 0.000000 -0.037921
v -10.833333 0.000000 -0.088171
v -9.750000 0.000000 -0.125585
v -8.666667 0.000000 -0.147843
v -7.583333 0.000000 -0.153410
v -6.500000 0.000000 -0.141623
v -5.416667 0.000000 -0.112739
v -4.333333 0.000000 -0.067924
v -3.250000 0.000000 -0.009195
v -2.166667 0.000000 0.060681
v -1.083333 0.000000 0.138341
v 0.000000 0.000000 0.220000
v 1.083333 0.000000 0.301659
v 2.166667 0.000000 0.379319
v 3.250000 0.000000 0.449195
v 4.333333 0.000000 0.507924
v 5.416667 0.000000 0.552739
v 6.500000 0.000000 0.581623
v 7.583333 0.000000 0.593410
v 8.666667 0.000000 0.587843
v 9.750000 0.000000 0.565585
v 10.833333 0.000000 0.528171
v 11.916667 0.000000 0.477921
v 13.000000 0.000000 0.417801
v 14.083333 0.000000 0.351257
v 15.166667 0.000000 0.282018
v 16.250000 0.000000 0.213885
v 17.333333 0.000000 0.150518
v 18.416667 0.000000 0.095235
v 19.500000 0.000000 0.050824
v 20.583333 0.000000 0.019397
v 21.666667 0.000000 0.002273
v 22.750000 0.000000 -0.000090
v 23.833333 0.000000 0.011894
v 24.916667 0.000000 0.036966
v 26.000000 0.000000 0.073104
v -26.000000 1.117647 0.346440
v -24.916667 1.117647 0.382898
v -23.833333 1.117647 0.408554
v -22.750000 1.117647 0.421378
v -21.666667 1.117647 0.420097
v -20.583333 1.117647 0.404275
v -19.500000 1.117647 0.374352
v -18.416667 1.117647 0.331621
v -17.333333 1.117647 0.278164
v -16.250000 1.117647 0.216739
v -15.166667 1.117647 0.150632
v -14.083333 1.117647 0.083468
v -13.000000 1.117647 0.019013
v -11.916667 1.117647 -0.039039
v -10.833333 1.117647 -0.087278
v -9.750000 1.117647 -0.122769
v -8.666667 1.117647 -0.143228
v -7.583333 1.117647 -0.147148
v -6.500000 1.117647 -0.133895
v -5.416667 1.117647 -0.103750
v -4.333333 1.117647 -0.057900
v -3.250000 1.117647 0.001618
v -2.166667 1.117647 0.072027
v -1.083333 1.117647 0.149954
v 0.000000 1.117647 0.231609
v 1.083333 1.117647 0.312993
v 2.166667 1.117647 0.390112
v 3.250000 1.117647 0.459190
v 4.333333 1.117647 0.516876
v 5.416667 1.117647 0.560424
v 6.500000 1.117647 0.587835
v 7.583333 1.117647 0.597970
v 8.666667 1.117647 0.590600
v 9.750000 1.117647 0.566416
v 10.833333 1.117647 0.526988
v 11.916667 1.117647 0.474669
v 13.000000 1.117647 0.412460
v 14.083333 1.117647 0.343842
v 15.166667 1.117647 0.272579
v 16.250000 1.117647 0.202507
v 17.333333 1.117647 0.137318
v 18.416667 1.117647 0.080361
v 19.500000 1.117647 0.034452
v 20.583333 1.117647 0.001729
v 21.666667 1.117647 -0.016469
v 22.750000 1.117647 -0.019664
v 23.833333 1.117647 -0.008256
v 24.916667 1.117647 0.016504
v 26.000000 1.117647 0.052602
v -26.000000 2.235294 0.317624
v -24.916667 2.235294 0.354675
v -23.833333 2.235294 0.381179
v -22.750000 2.235294 0.395090
v -21.666667 2.235294 0.395119
v -20.583333 2.235294 0.380807
v -19.500000 2.235294 0.352569
v -18.416667 2.235294 0.311668
v -17.333333 2.235294 0.260156
v -16.250000 2.235294 0.200760
v -15.166667 2.235294 0.136728
v -14.083333 2.235294 0.071653
v -13.000000 2.235294 0.009265
v -11.916667 2.235294 -0.046778
v -10.833333 2.235294 -0.093098
v -9.750000 2.235294 -0.126794
v -8.666667 2.235294 -0.145612
v -7.583333 2.235294 -0.148071
v -6.500000 2.235294 -0.133564
v -5.416667 2.235294 -0.102392
v -4.333333 2.235294 -0.055760
v -3.250000 2.235294 0.004283
v -2.166667 2.235294 0.074950
v -1.083333 2.235294 0.152863
v 0.000000 2.235294 0.234235
v 1.083333 2.235294 0.315070
v 2.166667 2.235294 0.391382
v 3.250000 2.235294 0.459411
v 4.333333 2.235294 0.515822
v 5.416667 2.235294 0.557891
v 6.500000 2.235294 0.583646
v 7.583333 2.235294 0.591972
v 8.666667 2.235294 0.582673
v 9.750000 2.235294 0.556474
v 10.833333 2.235294 0.514975
v 11.916667 2.235294 0.460567
v 13.000000 2.235294 0.396285
v 14.083333 2.235294 0.325646
v 15.166667 2.235294 0.252447
v 16.250000 2.235294 0.180557
v 17.333333 2.235294 0.113699
v 18.416667 2.235294 0.055249
v 19.500000 2.235294 0.008051
v 20.583333 2.235294 -0.025738
v 21.666667 2.235294 -0.044760
v 22.750000 2.235294 -0.048523
v 23.833333 2.235294 -0.037418
v 24.916667 2.235294 -0.012690
v 26.000000 2.235294 0.023646
v -26.000000 3.352941 0.281258
v -24.916667 3.352941 0.319164
v -23.833333 3.352941 0.346764
v -22.750000 3.352941 0.361992
v -21.666667 3.352941 0.363536
v -20.583333 3.352941 0.350914
v -19.500000 3.352941 0.324510
v -18.416667 3.352941 0.285558
v -17.333333 3.352941 0.236076
v -16.250000 3.352941 0.178757
v -15.166667 3.352941 0.116814
v -14.083333 3.352941 0.053804
v -13.000000 3.352941 -0.006577
v -11.916667 3.352941 -0.060704
v -10.833333 3.352941 -0.105234
v -9.750000 3.352941 -0.137294
v -8.666667 3.352941 -0.154657
v -7.583333 3.352941 -0.155870
v -6.500000 3.352941 -0.140343
v -5.416667 3.352941 -0.108397
v -4.333333 3.352941 -0.061249
v -3.250000 3.352941 -0.000956
v -2.166667 3.352941 0.069689
v -1.083333 3.352941 0.147311
v 0.000000 3.352941 0.228124
v 1.083333 3.352941 0.308145
v 2.166667 3.352941 0.383401
v 3.250000 3.352941 0.450148
v 4.333333 3.352941 0.505075
v 5.416667 3.352941 0.545482
v 6.500000 3.352941 0.569424
v 7.583333 3.352941 0.575818
v 8.666667 3.352941 0.564500
v 9.750000 3.352941 0.536229
v 10.833333 3.352941 0.492642
v 11.916667 3.352941 0.436161
v 13.000000 3.352941 0.369860
v 14.083333 3.352941 0.297288
v 15.166667 3.352941 0.222276
v 16.250000 3.352941 0.148722
v 17.333333 3.352941 0.080378
v 18.416667 3.352941 0.020646
v 19.500000 3.352941 -0.027611
v 20.583333 3.352941 -0.062217
v 21.666667 3.352941 -0.081799
v 22.750000 3.352941 -0.085855
v 23.833333 3.352941 -0.074774
v 24.916667 3.352941 -0.049798
v 26.000000 3.352941 -0.012948
v -26.000000 4.470588 0.238473
v -24.916667 4.470588 0.277482
v -23.833333 4.470588 0.306405
v -22.750000 4.470588 0.323155
v -21.666667 4.470588 0.326394
v -20.583333 4.470588 0.315610
v -19.500000 4.470588 0.291158
v -18.416667 4.470588 0.254238
v -17.333333 4.470588 0.206834
v -16.250000 4.470588 0.151602
v -15.166667 4.470588 0.091723
v -14.083333 4.470588 0.030718
v -13.000000 4.470588 -0.027751
v -11.916667 4.470588 -0.080092
v -10.833333 4.470588 -0.122990
v -9.750000 4.470588 -0.153603
v -8.666667 4.470588 -0.169726
v -7.583333 4.470588 -0.169927
v -6.500000 4.470588 -0.153634
v -5.416667 4.470588 -0.121180
v -4.333333 4.470588 -0.073790
v -3.250000 4.470588 -0.013528
v -2.166667 4.470588 0.056817
v -1.083333 4.470588 0.133872
v 0.000000 4.470588 0.213864
v 1.083333 4.470588 0.292820
v 2.166667 4.470588 0.366788
v 3.250000 4.470588 0.432045
v 4.333333 4.470588 0.485304
v 5.416667 4.470588 0.523894
v 6.500000 4.470588 0.545900
v 7.583333 4.470588 0.550274
v 8.666667 4.470588 0.536884
v 9.750000 4.470588 0.506523
v 10.833333 4.470588 0.460865
v 11.916667 4.470588 0.402368
v 13.000000 4.470588 0.334137
v 14.083333 4.470588 0.259756
v 15.166667 4.470588 0.183086
v 16.250000 4.470588 0.108051
v 17.333333 4.470588 0.038432
v 18.416667 4.470588 -0.022352
v 19.500000 4.470588 -0.071417
v 20.583333 4.470588 -0.106574
v 21.666667 4.470588 -0.126442
v 22.750000 4.470588 -0.130514
v 23.833333 4.470588 -0.119176
v 24.916667 4.470588 -0.093678
v 26.000000 4.470588 -0.056047
v -26.000000 5.588235 0.190676
v -24.916667 5.588235 0.231015
v -23.833333 5.588235 0.261466
v -22.750000 5.588235 0.279916
v -21.666667 5.588235 0.284997
v -20.583333 5.588235 0.276168
v -19.500000 5.588235 0.253750
v -18.416667 5.588235 0.218908
v -17.333333 5.588235 0.173593
v -16.250000 5.588235 0.120424
v -15.166667 5.588235 0.062548
v -14.083333 5.588235 0.003451
v -13.000000 5.588235 -0.053237
v -11.916667 5.588235 -0.103952
v -10.833333 5.588235 -0.145409
v -9.750000 5.588235 -0.174789
v -8.666667 5.588235 -0.189907
v -7.583333 5.588235 -0.189349
v -6.500000 5.588235 -0.172557
v -5.416667 5.588235 -0.139870
v -4.333333 5.588235 -0.092520
v -3.250000 5.588235 -0.032567
v -2.166667 5.588235 0.037204
v -1.083333 5.588235 0.113429
v 0.000000 5.588235 0.192349
v 1.083333 5.588235 0.270011
v 2.166667 5.588235 0.342482
v 3.250000 5.588235 0.406066
v 4.333333 5.588235 0.457504
v 5.416667 5.588235 0.494155
v 6.500000 5.588235 0.514139
v 7.583333 5.588235 0.516439
v 8.666667 5.588235 0.500960
v 9.750000 5.588235 0.468530
v 10.833333 5.588235 0.420857
v 11.916667 5.588235 0.360433
v 13.000000 5.588235 0.290398
v 14.083333 5.588235 0.214364
v 15.166667 5.588235 0.136219
v 16.250000 5.588235 0.059915
v 17.333333 5.588235 -0.010748
v 18.416667 5.588235 -0.072332
v 19.500000 5.588235 -0.121940
v 20.583333 5.588235 -0.157375
v 21.666667 5.588235 -0.177249
v 22.750000 5.588235 -0.181056
v 23.833333 5.588235 -0.169188
v 24.916667 5.588235 -0.142901
v 26.000000 5.588235 -0.104238
v -26.000000 6.705882 0.139505
v -24.916667 6.705882 0.181377
v -23.833333 6.705882 0.213532
v -22.750000 6.705882 0.233829
v -21.666667 6.705882 0.240868
v -20.583333 6.705882 0.234075
v -19.500000 6.705882 0.213736
v -18.416667 6.705882 0.180983
v -17.333333 6.705882 0.137728
v -16.250000 6.705882 0.086560
v -15.166667 6.705882 0.030588
v -14.083333 6.705882 -0.026732
v -13.000000 6.705882 -0.081799
v -11.916667 6.705882 -0.131079
v -10.833333 6.705882 -0.171310
v -9.750000 6.705882 -0.199693
v -8.666667 6.705882 -0.214061
v -7.583333 6.705882 -0.213012
v -6.500000 6.705882 -0.195996
v -5.416667 6.705882 -0.163356
v -4.333333 6.705882 -0.116324
v -3.250000 6.705882 -0.056953
v -2.166667 6.705882 0.011980
v -1.083333 6.705882 0.087126
v 0.000000 6.705882 0.164745
v 1.083333 6.705882 0.240904
v 2.166667 6.705882 0.311696
v 3.250000 6.705882 0.373455
v 4.333333 6.705882 0.422952
v 5.416667 6.705882 0.457578
v 6.500000 6.705882 0.475487
v 7.583333 6.705882 0.475698
v 8.666667 6.705882 0.458150
v 9.750000 6.705882 0.423708
v 10.833333 6.705882 0.374113
v 11.916667 6.705882 0.311888
v 13.000000 6.705882 0.240205
v 14.083333 6.705882 0.162703
v 15.166667 6.705882 0.083295
v 16.250000 6.705882 0.005956
v 17.333333 6.705882 -0.065500
v 18.416667 6.705882 -0.127619
v 19.500000 6.705882 -0.177496
v 20.583333 6.705882 -0.212928
v 21.666667 6.705882 -0.232529
v 22.750000 6.705882 -0.235797
v 23.833333 6.705882 -0.223132
v 24.916667 6.705882 -0.195806
v 26.000000 6.705882 -0.155876
v -26.000000 7.823529 0.086762
v -24.916667 7.823529 0.130344
v -23.833333 7.823529 0.164349
v -22.750000 7.823529 0.186607
v -21.666667 7.823529 0.195684
v -20.583333 7.823529 0.190971
v -19.500000 7.823529 0.172720
v -18.416667 7.823529 0.142026
v -17.333333 7.823529 0.100769
v -16.250000 7.823529 0.051502
v -15.166667 7.823529 -0.002697
v -14.083333 7.823529 -0.058403
v -13.000000 7.823529 -0.112041
v -11.916667 7.823529 -0.160102
v -10.833333 7.823529 -0.199343
v -9.750000 7.823529 -0.226984
v -8.666667 7.823529 -0.240869
v -7.583333 7.823529 -0.239605
v -6.500000 7.823529 -0.222644
v -5.416667 7.823529 -0.190331
v -4.333333 7.823529 -0.143890
v -3.250000 7.823529 -0.085365
v -2.166667 7.823529 -0.017518
v -1.083333 7.823529 0.056320
v 0.000000 7.823529 0.132430
v 1.083333 7.823529 0.206906
v 2.166667 7.823529 0.275869
v 3.250000 7.823529 0.335683
v 4.333333 7.823529 0.383153
v 5.416667 7.823529 0.415703
v 6.500000 7.823529 0.431523
v 7.583333 7.823529 0.429667
v 8.666667 7.823529 0.410109
v 9.750000 7.823529 0.373748
v 10.833333 7.823529 0.322356
v 11.916667 7.823529 0.258489
v 13.000000 7.823529 0.185344
v 14.083333 7.823529 0.106586
v 15.166667 7.823529 0.026150
v 16.250000 7.823529 -0.051974
v 17.333333 7.823529 -0.123956
v 18.416667 7.823529 -0.186335
v 19.500000 7.823529 -0.236201
v 20.583333 7.823529 -0.271352
v 21.666667 7.823529 -0.290405
v 22.750000 7.823529 -0.292869
v 23.833333 7.823529 -0.279157
v 24.916667 7.823529 -0.250558
v 26.000000 7.823529 -0.209151
v -26.000000 8.941176 0.034348
v -24.916667 8.941176 0.079785
v -23.833333 8.941176 0.115754
v -22.750000 8.941176 0.140051
v -21.666667 8.941176 0.151209
v -20.583333 8.941176 0.148584
v -19.500000 8.941176 0.132391
v -18.416667 8.941176 0.103692
v -17.333333 8.941176 0.064333
v -16.250000 8.941176 0.016834
v -15.166667 8.941176 -0.035756
v -14.083333 8.941176 -0.090039
v -13.000000 8.941176 -0.142465
v -11.916667 8.941176 -0.189544
v -10.833333 8.941176 -0.228051
v -9.750000 8.941176 -0.255217
v -8.666667 8.941176 -0.268896
v -7.583333 8.941176 -0.267696
v -6.500000 8.941176 -0.251070
v -5.416667 8.941176 -0.219356
v -4.333333 8.941176 -0.173768
v -3.250000 8.941176 -0.116337
v -2.166667 8.941176 -0.049805
v -1.083333 8.941176 0.022518
v 0.000000 8.941176 0.096940
v 1.083333 8.941176 0.169582
v 2.166667 8.941176 0.236598
v 3.250000 8.941176 0.294382
v 4.333333 8.941176 0.339775
v 5.416667 8.941176 0.370237
v 6.500000 8.941176 0.383991
v 7.583333 8.941176 0.380128
v 8.666667 8.941176 0.358654
v 9.750000 8.941176 0.320500
v 10.833333 8.941176 0.267471
v 11.916667 8.941176 0.202149
v 13.000000 8.941176 0.127755
v 14.083333 8.941176 0.047976
v 15.166667 8.941176 -0.033237
v 16.250000 8.941176 -0.111879
v 17.333333 8.941176 -0.184113
v 18.416667 8.941176 -0.246472
v 19.500000 8.941176 -0.296048
v 20.583333 8.941176 -0.330643
v 21.666667 8.941176 -0.348885
v 22.750000 8.941176 -0.350293
v 23.833333 8.941176 -0.335302
v 24.916667 8.941176 -0.305219
v 26.000000 8.941176 -0.262152
v -26.000000 10.058824 -0.015808
v -24.916667 10.058824 0.031596
v -23.833333 10.058824 0.069607
v -22.750000 10.058824 0.095986
v -21.666667 10.058824 0.109230
v -20.583333 10.058824 0.108662
v -19.500000 10.058824 0.094462
v -18.416667 10.058824 0.067657
v -17.333333 10.058824 0.030061
v -16.250000 10.058824 -0.015835
v -15.166667 10.058824 -0.067008
v -14.083333 10.058824 -0.120085
v -13.000000 10.058824 -0.171537
v -11.916667 10.058824 -0.217890
v -10.833333 10.058824 -0.255931
v -9.750000 10.058824 -0.282899
v -8.666667 10.058824 -0.296651
v -7.583333 10.058824 -0.295794
v -6.500000 10.058824 -0.279776
v -5.416667 10.058824 -0.248923
v -4.333333 10.058824 -0.204436
v -3.250000 10.058824 -0.148327
v -2.166667 10.058824 -0.083316
v -1.083333 10.058824 -0.012685
v 0.000000 10.058824 0.059899
v 1.083333 10.058824 0.130590
v 2.166667 10.058824 0.195574
v 3.250000 10.058824 0.251281
v 4.333333 10.058824 0.294586
v 5.416667 10.058824 0.322983
v 6.500000 10.058824 0.334732
v 7.583333 10.058824 0.328956
v 8.666667 10.058824 0.305695
v 9.750000 10.058824 0.265909
v 10.833333 10.058824 0.211431
v 11.916667 10.058824 0.144866
v 13.000000 10.058824 0.069459
v 14.083333 10.058824 -0.011089
v 15.166667 10.058824 -0.092811
v 16.250000 10.058824 -0.171696
v 17.333333 10.058824 -0.243902
v 18.416667 10.058824 -0.305963
v 19.500000 10.058824 -0.354975
v 20.583333 10.058824 -0.388750
v 21.666667 10.058824 -0.405929
v 22.750000 10.058824 -0.406051
v 23.833333 10.058824 -0.389570
v 24.916667 10.058824 -0.357821
v 26.000000 10.058824 -0.312938
v -26.000000 11.176471 -0.061825
v -24.916667 11.176471 -0.012379
v -23.833333 11.176471 0.027715
v -22.750000 11.176471 0.056180
v -21.666667 11.176471 0.071481
v -20.583333 11.176471 0.072902
v -19.500000 11.176471 0.060592
v -18.416667 11.176471 0.035546
v -17.333333 11.176471 -0.000452
v -16.250000 11.176471 -0.044937
v -15.166667 11.176471 -0.094913
v -14.083333 11.176471 -0.147023
v -13.000000 11.176471 -0.197757
v -11.916667 11.176471 -0.243653
v -10.833333 11.176471 -0.281504
v -9.750000 11.176471 -0.308553
v -8.666667 11.176471 -0.322657
v -7.583333 11.176471 -0.322416
v -6.500000 11.176471 -0.307267
v -5.416667 11.176471 -0.277522
v -4.333333 11.176471 -0.234364
v -3.250000 11.176471 -0.179780
v -2.166667 11.176471 -0.116468
v -1.083333 11.176471 -0.047679
v 0.000000 11.176471 0.022951
v 1.083333 11.176471 0.091609
v 2.166667 11.176471 0.154515
v 3.250000 11.176471 0.208133
v 4.333333 11.176471 0.249375
v 5.416667 11.176471 0.275769
v 6.500000 11.176471 0.285609
v 7.583333 11.176471 0.278050
v 8.666667 11.176471 0.253162
v 9.750000 11.176471 0.211933
v 10.833333 11.176471 0.156220
v 11.916667 11.176471 0.088649
v 13.000000 11.176471 0.012481
v 14.083333 11.176471 -0.068568
v 15.166667 11.176471 -0.150524
v 16.250000 11.176471 -0.229373
v 17.333333 11.176471 -0.301272
v 18.416667 11.176471 -0.362760
v 19.500000 11.176471 -0.410944
v 20.583333 11.176471 -0.443649
v 21.666667 11.176471 -0.459535
v 22.750000 11.176471 -0.458162
v 23.833333 11.176471 -0.440010
v 24.916667 11.176471 -0.406441
v 26.000000 11.176471 -0.359620
v -26.000000 12.294118 -0.101947
v -24.916667 12.294118 -0.050417
v -23.833333 12.294118 -0.008237
v -22.750000 12.294118 0.022282
v -21.666667 12.294118 0.039570
v -20.583333 12.294118 0.042878
v -19.500000 12.294118 0.032322
v -18.416667 12.294118 0.008868
v -17.333333 12.294118 -0.025726
v -16.250000 12.294118 -0.069020
v -15.166667 12.294118 -0.118037
v -14.083333 12.294118 -0.169437
v -13.000000 12.294118 -0.219722
v -11.916667 12.294118 -0.265436
v -10.833333 12.294118 -0.303378
v -9.750000 12.294118 -0.330787
v -8.666667 12.294118 -0.345515
v -7.583333 12.294118 -0.346151
v -6.500000 12.294118 -0.332117
v -5.416667 12.294118 -0.303708
v -4.333333 12.294118 -0.262081
v -3.250000 12.294118 -0.209201
v -2.166667 12.294118 -0.147734
v -1.083333 12.294118 -0.080903
v 0.000000 12.294118 -0.012308
v 1.083333 12.294118 0.054271
v 2.166667 12.294118 0.115088
v 3.250000 12.294118 0.166645
v 4.333333 12.294118 0.205886
v 5.416667 12.294118 0.230375
v 6.500000 12.294118 0.238437
v 7.583333 12.294118 0.229256
v 8.666667 12.294118 0.202931
v 9.750000 12.294118 0.160475
v 10.833333 12.294118 0.103763
v 11.916667 12.294118 0.035440
v 13.000000 12.294118 -0.041221
v 14.083333 12.294118 -0.122496
v 15.166667 12.294118 -0.204408
v 16.250000 12.294118 -0.282941
v 17.333333 12.294118 -0.354259
v 18.416667 12.294118 -0.414912
v 19.500000 12.294118 -0.462019
v 20.583333 12.294118 -0.493423
v 21.666667 12.294118 -0.507808
v 22.750000 12.294118 -0.504759
v 23.833333 12.294118 -0.484782
v 24.916667 12.294118 -0.449272
v 26.000000 12.294118 -0.400426
v -26.000000 13.411765 -0.134604
v -24.916667 13.411765 -0.080988
v -23.833333 13.411765 -0.036756
v -22.750000 13.411765 -0.004253
v -21.666667 13.411765 0.014918
v -20.583333 13.411765 0.019975
v -19.500000 13.411765 0.011006
v -18.416667 13.411765 -0.011050
v -17.333333 13.411765 -0.044460
v -16.250000 13.411765 -0.086803
v -15.166667 13.411765 -0.135118
v -14.083333 13.411765 -0.186077
v -13.000000 13.411765 -0.236189
v -11.916667 13.411765 -0.282003
v -10.833333 13.411765 -0.320313
v -9.750000 13.411765 -0.348354
v -8.666667 13.411765 -0.363967
v -7.583333 13.411765 -0.365725
v -6.500000 13.411765 -0.353033
v -5.416667 13.411765 -0.326162
v -4.333333 13.411765 -0.286244
v -3.250000 13.411765 -0.235214
v -2.166667 13.411765 -0.175707
v -1.083333 13.411765 -0.110912
v 0.000000 13.411765 -0.044398
v 1.083333 13.411765 0.020093
v 2.166667 13.411765 0.078851
v 3.250000 13.411765 0.128410
v 4.333333 13.411765 0.165748
v 5.416667 13.411765 0.188463
v 6.500000 13.411765 0.194909
v 7.583333 13.411765 0.184298
v 8.666667 13.411765 0.156752
v 9.750000 13.411765 0.113304
v 10.833333 13.411765 0.055848
v 11.916667 13.411765 -0.012959
v 13.000000 13.411765 -0.089838
v 14.083333 13.411765 -0.171059
v 15.166667 13.411765 -0.252647
v 16.250000 13.411765 -0.330591
v 17.333333 13.411765 -0.401065
v 18.416667 13.411765 -0.460634
v 19.500000 13.411765 -0.506434
v 20.583333 13.411765 -0.536331
v 21.666667 13.411765 -0.549034
v 22.750000 13.411765 -0.544156
v 23.833333 13.411765 -0.522236
v 24.916667 13.411765 -0.484699
v 26.000000 13.411765 -0.433778
v -26.000000 14.529412 -0.158482
v -24.916667 14.529412 -0.102816
v -23.833333 14.529412 -0.056603
v -22.750000 14.529412 -0.022220
v -21.666667 14.529412 -0.001304
v -20.583333 14.529412 0.005334
v -19.500000 14.529412 -0.002244
v -18.416667 14.529412 -0.023123
v -17.333333 14.529412 -0.055589
v -16.250000 14.529412 -0.097238
v -15.166667 14.529412 -0.145120
v -14.083333 14.529412 -0.195916
v -13.000000 14.529412 -0.246136
v -11.916667 14.529412 -0.292326
v -10.833333 14.529412 -0.331277
v -9.750000 14.529412 -0.360211
v -8.666667 14.529412 -0.376953
v -7.583333 14.529412 -0.380060
v -6.500000 14.529412 -0.368912
v -5.416667 14.529412 -0.343754
v -4.333333 14.529412 -0.305689
v -3.250000 14.529412 -0.256622
v -2.166667 14.529412 -0.199154
v -1.083333 14.529412 -0.136441
v 0.000000 14.529412 -0.072014
v 1.083333 14.529412 -0.009582
v 2.166667 14.529412 0.047180
v 3.250000 14.529412 0.094841
v 4.333333 14.529412 0.130410
v 5.416667 14.529412 0.151515
v 6.500000 14.529412 0.156536
v 7.583333 14.529412 0.144711
v 8.666667 14.529412 0.116182
v 9.750000 14.529412 0.071998
v 10.833333 14.529412 0.014065
v 11.916667 14.529412 -0.054951
v 13.000000 14.529412 -0.131767
v 14.083333 14.529412 -0.212656
v 15.166667 14.529412 -0.293646
v 16.250000 14.529412 -0.370739
v 17.333333 14.529412 -0.440121
v 18.416667 14.529412 -0.498376
v 19.500000 14.529412 -0.542663
v 20.583333 14.529412 -0.570874
v 21.666667 14.529412 -0.581744
v 22.750000 14.529412 -0.574919
v 23.833333 14.529412 -0.550970
v 24.916667 14.529412 -0.511357
v 26.000000 14.529412 -0.458347
v -26.000000 15.647059 -0.172573
v -24.916667 15.647059 -0.114928
v -23.833333 15.647059 -0.066839
v -22.750000 15.647059 -0.030716
v -21.666667 15.647059 -0.008225
v -20.583333 15.647059 -0.000202
v -19.500000 15.647059 -0.006610
v -18.416667 15.647059 -0.026553
v -17.333333 15.647059 -0.058334
v -16.250000 15.647059 -0.099559
v -15.166667 15.647059 -0.147286
v -14.083333 15.647059 -0.198198
v -13.000000 15.647059 -0.248803
v -11.916667 15.647059 -0.295642
v -10.833333 15.647059 -0.335493
v -9.750000 15.647059 -0.365564
v -8.666667 15.647059 -0.383661
v -7.583333 15.647059 -0.388317
v -6.500000 15.647059 -0.378887
v -5.416667 15.647059 -0.355587
v -4.333333 15.647059 -0.319488
v -3.250000 15.647059 -0.272462
v -2.166667 15.647059 -0.217076
v -1.083333 15.647059 -0.156450
v 0.000000 15.647059 -0.094080
v 1.083333 15.647059 -0.033641
v 2.166667 15.647059 0.021227
v 3.250000 15.647059 0.067122
v 4.333333 15.647059 0.101087
v 5.416667 15.647059 0.120773
v 6.500000 15.647059 0.124588
v 7.583333 15.647059 0.111787
v 8.666667 15.647059 0.082529
v 9.750000 15.647059 0.037877
v 10.833333 15.647059 -0.020256
v 11.916667 15.647059 -0.089201
v 13.000000 15.647059 -0.165676
v 14.083333 15.647059 -0.245959
v 15.166667 15.647059 -0.326090
v 16.250000 15.647059 -0.402084
v 17.333333 15.647059 -0.470146
v 18.416667 15.647059 -0.526882
v 19.500000 15.647059 -0.569477
v 20.583333 15.647059 -0.595851
v 21.666667 15.647059 -0.604771
v 22.750000 15.647059 -0.595915
v 23.833333 15.647059 -0.569889
v 24.916667 15.647059 -0.528187
v 26.000000 15.647059 -0.473112
v -26.000000 16.764706 -0.176215
v -24.916667 16.764706 -0.116698
v -23.833333 16.764706 -0.066874
v -22.750000 16.764706 -0.029181
v -21.666667 16.764706 -0.005312
v -20.583333 16.764706 0.003874
v -19.500000 16.764706 -0.001606
v -18.416667 16.764706 -0.020871
v -17.333333 16.764706 -0.052236
v -16.250000 16.764706 -0.093315
v -15.166667 16.764706 -0.141166
v -14.083333 16.764706 -0.192472
v -13.000000 16.764706 -0.243734
v -11.916667 16.764706 -0.291481
v -10.833333 16.764706 -0.332476
v -9.750000 16.764706 -0.363909
v -8.666667 16.764706 -0.383561
v -7.583333 16.764706 -0.389941
v -6.500000 16.764706 -0.382372
v -5.416667 16.764706 -0.361041
v -4.333333 16.764706 -0.326985
v -3.250000 16.764706 -0.282041
v -2.166667 16.764706 -0.228741
v -1.083333 16.764706 -0.170171
v 0.000000 16.764706 -0.109792
v 1.083333 16.764706 -0.051244
v 2.166667 16.764706 0.001863
v 3.250000 16.764706 0.046160
v 4.333333 16.764706 0.078713
v 5.416667 16.764706 0.097199
v 6.500000 16.764706 0.100045
v 7.583333 16.764706 0.086524
v 8.666667 16.764706 0.056807
v 9.750000 16.764706 0.011963
v 10.833333 16.764706 -0.046090
v 11.916667 16.764706 -0.114686
v 13.000000 16.764706 -0.190547
v 14.083333 16.764706 -0.269963
v 15.166667 16.764706 -0.348988
v 16.250000 16.764706 -0.423654
v 17.333333 16.764706 -0.490192
v 18.416667 16.764706 -0.545231
v 19.500000 16.764706 -0.585985
v 20.583333 16.764706 -0.610406
v 21.666667 16.764706 -0.617293
v 22.750000 16.764706 -0.606359
v 23.833333 16.764706 -0.578244
v 24.916667 16.764706 -0.534479
v 26.000000 16.764706 -0.477401
v -26.000000 17.882353 -0.169122
v -24.916667 17.882353 -0.107875
v -23.833333 17.882353 -0.056486
v -22.750000 17.882353 -0.017422
v -21.666667 17.882353 0.007603
v -20.583333 17.882353 0.017710
v -19.500000 17.882353 0.012899
v -18.416667 17.882353 -0.005959
v -17.333333 17.882353 -0.037186
v -16.250000 17.882353 -0.078398
v -15.166667 17.882353 -0.126652
v -14.083333 17.882353 -0.178622
v -13.000000 17.882353 -0.230800
v -11.916667 17.882353 -0.279699
v -10.833333 17.882353 -0.322062
v -9.750000 17.882353 -0.355056
v -8.666667 17.882353 -0.376436
v -7.583333 17.882353 -0.384681
v -6.500000 17.882353 -0.379084
v -5.416667 17.882353 -0.359797
v -4.333333 17.882353 -0.327824
v -3.250000 17.882353 -0.284967
v -2.166667 17.882353 -0.233721
v -1.083333 17.882353 -0.177139
v 0.000000 17.882353 -0.118647
v 1.083333 17.882353 -0.061854
v 2.166667 17.882353 -0.010341
v 3.250000 17.882353 0.032550
v 4.333333 17.882353 0.063910
v 5.416667 17.882353 0.081436
v 6.500000 17.882353 0.083570
v 7.583333 17.882353 0.069598
v 8.666667 17.882353 0.039697
v 9.750000 17.882353 -0.005058
v 10.833333 17.882353 -0.062754
v 11.916667 17.882353 -0.130728
v 13.000000 17.882353 -0.205714
v 14.083333 17.882353 -0.284016
v 15.166667 17.882353 -0.361707
v 16.250000 17.882353 -0.434843
v 17.333333 17.882353 -0.499679
v 18.416667 17.882353 -0.552873
v 19.500000 17.882353 -0.591670
v 20.583333 17.882353 -0.614057
v 21.666667 17.882353 -0.618865
v 22.750000 17.882353 -0.605842
v 23.833333 17.882353 -0.575665
v 24.916667 17.882353 -0.529899
v 26.000000 17.882353 -0.470914
v -26.000000 19.000000 -0.151399
v -24.916667 19.000000 -0.088593
v -23.833333 19.000000 -0.035839
v -22.750000 19.000000 0.004374
v -21.666667 19.000000 0.030311
v -20.583333 19.000000 0.041079
v -19.500000 19.000000 0.036667
v -18.416667 19.000000 0.017938
v -17.333333 19.000000 -0.013431
v -16.250000 19.000000 -0.055053
v -15.166667 19.000000 -0.103980
v -14.083333 19.000000 -0.156874
v -13.000000 19.000000 -0.210211
v -11.916667 19.000000 -0.260484
v -10.833333 19.000000 -0.304414
v -9.750000 19.000000 -0.339140
v -8.666667 19.000000 -0.362389
v -7.583333 19.000000 -0.372609
v -6.500000 19.000000 -0.369059
v -5.416667 19.000000 -0.351855
v -4.333333 19.000000 -0.321968
v -3.250000 19.000000 -0.281163
v -2.166667 19.000000 -0.231903
v -1.083333 19.000000 -0.177204
v 0.000000 19.000000 -0.120463
v 1.083333 19.000000 -0.065259
v 2.166667 19.000000 -0.015144
v 3.250000 19.000000 0.026561
v 4.333333 19.000000 0.056968
v 5.416667 19.000000 0.073790
v 6.500000 19.000000 0.075481
v 7.583333 19.000000 0.061334
v 8.666667 19.000000 0.031530
v 9.750000 19.000000 -0.012859
v 10.833333 19.000000 -0.069924
v 11.916667 19.000000 -0.137015
v 13.000000 19.000000 -0.210881
v 14.083333 19.000000 -0.287843
v 15.166667 19.000000 -0.363997
v 16.250000 19.000000 -0.435426
v 17.333333 19.000000 -0.498413
v 18.416667 19.000000 -0.549647
v 19.500000 19.000000 -0.586408
v 20.583333 19.000000 -0.606715
v 21.666667 19.000000 -0.609435
v 22.750000 19.000000 -0.594352
v 23.833333 19.000000 -0.562176
v 24.916667 19.000000 -0.514507
v 26.000000 19.000000 -0.453748
vt 0.000000 0.000000
vt 0.072917 0.000000
vt 0.145833 0.000000
vt 0.218750 0.000000
vt 0.291667 0.000000
vt 0.364583 0.000000
vt 0.437500 0.000000
vt 0.510417 0.000000
vt 0.583333 0.000000
vt 0.656250 0.000000
vt 0.729167 0.000000
vt 0.802083 0.000000
vt 0.875000 0.000000
vt 0.947917 0.000000
vt 1.020833 0.000000
vt 1.093750 0.000000
vt 1.166667 0.000000
vt 1.239583 0.000000
vt 1.312500 0.000000
vt 1.385417 0.000000
vt 1.458333 0.000000
vt 1.531250 0.000000
vt 1.604167 0.000000
vt 1.677083 0.000000
vt 1.750000 0.000000
vt 1.822917 0.000000
vt 1.895833 0.000000
vt 1.968750 0.000000
vt 2.041667 0.000000
vt 2.114583 0.000000
vt 2.187500 0.000000
vt 2.260417 0.000000
vt 2.333333 0.000000
vt 2.406250 0.000000
vt 2.479167 0.000000
vt 2.552083 0.000000
vt 2.625000 0.000000
vt 2.697917 0.000000
vt 2.770833 0.000000
vt 2.843750 0.000000
vt 2.916667 0.000000
vt 2.989583 0.000000
vt 3.062500 0.000000
vt 3.135417 0.000000
vt 3.208333 0.000000
vt 3.281250 0.000000
vt 3.354167 0.000000
vt 3.427083 0.000000
vt 3.500000 0.000000
vt 0.000000 0.102941
vt 0.072917 0.102941
vt 0.145833 0.102941
vt 0.218750 0.102941
vt 0.291667 0.102941
vt 0.364583 0.102941
vt 0.437500 0.102941
vt 0.510417 0.102941
vt 0.583333 0.102941
vt 0.656250 0.102941
vt 0.729167 0.102941
vt 0.802083 0.102941
vt 0.875000 0.102941
vt 0.947917 0.102941
vt 1.020833 0.102941
vt 1.093750 0.102941
vt 1.166667 0.102941
vt 1.239583 0.102941
vt 1.312500 0.102941
vt 1.385417 0.102941
vt 1.458333 0.102941
vt 1.531250 0.102941
vt 1.604167 0.102941
vt 1.677083 0.102941
vt 1.750000 0.102941
vt 1.822917 0.102941
vt 1.895833 0.102941
vt 1.968750 0.102941
vt 2.041667 0.102941
vt 2.114583 0.102941
vt 2.187500 0.102941
vt 2.260417 0.102941
vt 2.333333 0.102941
vt 2.406250 0.102941
vt 2.479167 0.102941
vt 2.552083 0.102941
vt 2.625000 0.102941
vt 2.697917 0.102941
vt 2.770833 0.102941
vt 2.843750 0.102941
vt 2.916667 0.102941
vt 2.989583 0.102941
vt 3.062500 0.102941
vt 3.135417 0.102941
vt 3.208333 0.102941
vt 3.281250 0.102941
vt 3.354167 0.102941
vt 3.427083 0.102941
vt 3.500000 0.102941
vt 0.000000 0.205882
vt 0.072917 0.205882
vt 0.145833 0.205882
vt 0.218750 0.205882
vt 0.291667 0.205882
vt 0.364583 0.205882
vt 0.437500 0.205882
vt 0.510417 0.205882
vt 0.583333 0.205882
vt 0.656250 0.205882
vt 0.729167 0.205882
vt 0.802083 0.205882
vt 0.875000 0.205882
vt 0.947917 0.205882
vt 1.020833 0.205882
vt 1.093750 0.205882
vt 1.166667 0.205882
vt 1.239583 0.205882
vt 1.312500 0.205882
vt 1.385417 0.205882
vt 1.458333 0.205882
vt 1.531250 0.205882
vt 1.604167 0.205882
vt 1.677083 0.205882
vt 1.750000 0.205882
vt 1.822917 0.205882
vt 1.895833 0.205882
vt 1.968750 0.205882
vt 2.041667 0.205882
vt 2.114583 0.205882
vt 2.187500 0.205882
vt 2.260417 0.205882
vt 2.333333 0.205882
vt 2.406250 0.205882
vt 2.479167 0.205882
vt 2.552083 0.205882
vt 2.625000 0.205882
vt 2.697917 0.205882
vt 2.770833 0.205882
vt 2.843750 0.205882
vt 2.916667 0.205882
vt 2.989583 0.205882
vt 3.062500 0.205882
vt 3.135417 0.205882
vt 3.208333 0.205882
vt 3.281250 0.205882
vt 3.354167 0.205882
vt 3.427083 0.205882
vt 3.500000 0.205882
vt 0.000000 0.308824
vt 0.072917 0.308824
vt 0.145833 0.308824
vt 0.218750 0.308824
vt 0.291667 0.308824
vt 0.364583 0.308824
vt 0.437500 0.308824
vt 0.510417 0.308824
vt 0.583333 0.308824
vt 0.656250 0.308824
vt 0.729167 0.308824
vt 0.802083 0.308824
vt 0.875000 0.308824
vt 0.947917 0.308824
vt 1.020833 0.308824
vt 1.093750 0.308824
vt 1.166667 0.308824
vt 1.239583 0.308824
vt 1.312500 0.308824
vt 1.385417 0.308824
vt 1.458333 0.308824
vt 1.531250 0.308824
vt 1.604167 0.308824
vt 1.677083 0.308824
vt 1.750000 0.308824
vt 1.822917 0.308824
vt 1.895833 0.308824
vt 1.968750 0.308824
vt 2.041667 0.308824
vt 2.114583 0.308824
vt 2.187500 0.308824
vt 2.260417 0.308824
vt 2.333333 0.308824
vt 2.406250 0.308824
vt 2.479167 0.308824
vt 2.552083 0.308824
vt 2.625000 0.308824
vt 2.697917 0.308824
vt 2.770833 0.308824
vt 2.843750 0.308824
vt 2.916667 0.308824
vt 2.989583 0.308824
vt 3.062500 0.308824
vt 3.135417 0.308824
vt 3.208333 0.308824
vt 3.281250 0.308824
vt 3.354167 0.308824
vt 3.427083 0.308824
vt 3.500000 0.308824
vt 0.000000 0.411765
vt 0.072917 0.411765
vt 0.145833 0.411765
vt 0.218750 0.411765
vt 0.291667 0.411765
vt 0.364583 0.411765
vt 0.437500 0.411765
vt 0.510417 0.411765
vt 0.583333 0.411765
vt 0.656250 0.411765
vt 0.729167 0.411765
vt 0.802083 0.411765
vt 0.875000 0.411765
vt 0.947917 0.411765
vt 1.020833 0.411765
vt 1.093750 0.411765
vt 1.166667 0.411765
vt 1.239583 0.411765
vt 1.312500 0.411765
vt 1.385417 0.411765
vt 1.458333 0.411765
vt 1.531250 0.411765
vt 1.604167 0.411765
vt 1.677083 0.411765
vt 1.750000 0.411765
vt 1.822917 0.411765
vt 1.895833 0.411765
vt 1.968750 0.411765
vt 2.041667 0.411765
vt 2.114583 0.411765
vt 2.187500 0.411765
vt 2.260417 0.411765
vt 2.333333 0.411765
vt 2.406250 0.411765
vt 2.479167 0.411765
vt 2.552083 0.411765
vt 2.625000 0.411765
vt 2.697917 0.411765
vt 2.770833 0.411765
vt 2.843750 0.411765
vt 2.916667 0.411765
vt 2.989583 0.411765
vt 3.062500 0.411765
vt 3.135417 0.411765
vt 3.208333 0.411765
vt 3.281250 0.411765
vt 3.354167 0.411765
vt 3.427083 0.411765
vt 3.500000 0.411765
vt 0.000000 0.514706
vt 0.072917 0.514706
vt 0.145833 0.514706
vt 0.218750 0.514706
vt 0.291667 0.514706
vt 0.364583 0.514706
vt 0.437500 0.514706
vt 0.510417 0.514706
vt 0.583333 0.514706
vt 0.656250 0.514706
vt 0.729167 0.514706
vt 0.802083 0.514706
vt 0.875000 0.514706
vt 0.947917 0.514706
vt 1.020833 0.514706
vt 1.093750 0.514706
vt 1.166667 0.514706
vt 1.239583 0.514706
vt 1.312500 0.514706
vt 1.385417 0.514706
vt 1.458333 0.514706
vt 1.531250 0.514706
vt 1.604167 0.514706
vt 1.677083 0.514706
vt 1.750000 0.514706
vt 1.822917 0.514706
vt 1.895833 0.514706
vt 1.968750 0.514706
vt 2.041667 0.514706
vt 2.114583 0.514706
vt 2.187500 0.514706
vt 2.260417 0.514706
vt 2.333333 0.514706
vt 2.406250 0.514706
vt 2.479167 0.514706
vt 2.552083 0.514706
vt 2.625000 0.514706
vt 2.697917 0.514706
vt 2.770833 0.514706
vt 2.843750 0.514706
vt 2.916667 0.514706
vt 2.989583 0.514706
vt 3.062500 0.514706
vt 3.135417 0.514706
vt 3.208333 0.514706
vt 3.281250 0.514706
vt 3.354167 0.514706
vt 3.427083 0.514706
vt 3.500000 0.514706
vt 0.000000 0.617647
vt 0.072917 0.617647
vt 0.145833 0.617647
vt 0.218750 0.617647
vt 0.291667 0.617647
vt 0.364583 0.617647
vt 0.437500 0.617647
vt 0.510417 0.617647
vt 0.583333 0.617647
vt 0.656250 0.617647
vt 0.729167 0.617647
vt 0.802083 0.617647
vt 0.875000 0.617647
vt 0.947917 0.617647
vt 1.020833 0.617647
vt 1.093750 0.617647
vt 1.166667 0.617647
vt 1.239583 0.617647
vt 1.312500 0.617647
vt 1.385417 0.617647
vt 1.458333 0.617647
vt 1.531250 0.617647
vt 1.604167 0.617647
vt 1.677083 0.617647
vt 1.750000 0.617647
vt 1.822917 0.617647
vt 1.895833 0.617647
vt 1.968750 0.617647
vt 2.041667 0.617647
vt 2.114583 0.617647
vt 2.187500 0.617647
vt 2.260417 0.617647
vt 2.333333 0.617647
vt 2.406250 0.617647
vt 2.479167 0.617647
vt 2.552083 0.617647
vt 2.625000 0.617647
vt 2.697917 0.617647
vt 2.770833 0.617647
vt 2.843750 0.617647
vt 2.916667 0.617647
vt 2.989583 0.617647
vt 3.062500 0.617647
vt 3.135417 0.617647
vt 3.208333 0.617647
vt 3.281250 0.617647
vt 3.354167 0.617647
vt 3.427083 0.617647
vt 3.500000 0.617647
vt 0.000000 0.720588
vt 0.072917 0.720588
vt 0.145833 0.720588
vt 0.218750 0.720588
vt 0.291667 0.720588
vt 0.364583 0.720588
vt 0.437500 0.720588
vt 0.510417 0.720588
vt 0.583333 0.720588
vt 0.656250 0.720588
vt 0.729167 0.720588
vt 0.802083 0.720588
vt 0.875000 0.720588
vt 0.947917 0.720588
vt 1.020833 0.720588
vt 1.093750 0.720588
vt 1.166667 0.720588
vt 1.239583 0.720588
vt 1.312500 0.720588
vt 1.385417 0.720588
vt 1.458333 0.720588
vt 1.531250 0.720588
vt 1.604167 0.720588
vt 1.677083 0.720588
vt 1.750000 0.720588
vt 1.822917 0.720588
vt 1.895833 0.720588
vt 1.968750 0.720588
vt 2.041667 0.720588
vt 2.114583 0.720588
vt 2.187500 0.720588
vt 2.260417 0.720588
vt 2.333333 0.720588
vt 2.406250 0.720588
vt 2.479167 0.720588
vt 2.552083 0.720588
vt 2.625000 0.720588
vt 2.697917 0.720588
vt 2.770833 0.720588
vt 2.843750 0.720588
vt 2.916667 0.720588
vt 2.989583 0.720588
vt 3.062500 0.720588
vt 3.135417 0.720588
vt 3.208333 0.720588
vt 3.281250 0.720588
vt 3.354167 0.720588
vt 3.427083 0.720588
vt 3.500000 0.720588
vt 0.000000 0.823529
vt 0.072917 0.823529
vt 0.145833 0.823529
vt 0.218750 0.823529
vt 0.291667 0.823529
vt 0.364583 0.823529
vt 0.437500 0.823529
vt 0.510417 0.823529
vt 0.583333 0.823529
vt 0.656250 0.823529
vt 0.729167 0.823529
vt 0.802083 0.823529
vt 0.875000 0.823529
vt 0.947917 0.823529
vt 1.020833 0.823529
vt 1.093750 0.823529
vt 1.166667 0.823529
vt 1.239583 0.823529
vt 1.312500 0.823529
vt 1.385417 0.823529
vt 1.458333 0.823529
vt 1.531250 0.823529
vt 1.604167 0.823529
vt 1.677083 0.823529
vt 1.750000 0.823529
vt 1.822917 0.823529
vt 1.895833 0.823529
vt 1.968750 0.823529
vt 2.041667 0.823529
vt 2.114583 0.823529
vt 2.187500 0.823529
vt 2.260417 0.823529
vt 2.333333 0.823529
vt 2.406250 0.823529
vt 2.479167 0.823529
vt 2.552083 0.823529
vt 2.625000 0.823529
vt 2.697917 0.823529
vt 2.770833 0.823529
vt 2.843750 0.823529
vt 2.916667 0.823529
vt 2.989583 0.823529
vt 3.062500 0.823529
vt 3.135417 0.823529
vt 3.208333 0.823529
vt 3.281250 0.823529
vt 3.354167 0.823529
vt 3.427083 0.823529
vt 3.500000 0.823529
vt 0.000000 0.926471
vt 0.072917 0.926471
vt 0.145833 0.926471
vt 0.218750 0.926471
vt 0.291667 0.926471
vt 0.364583 0.926471
vt 0.437500 0.926471
vt 0.510417 0.926471
vt 0.583333 0.926471
vt 0.656250 0.926471
vt 0.729167 0.926471
vt 0.802083 0.926471
vt 0.875000 0.926471
vt 0.947917 0.926471
vt 1.020833 0.926471
vt 1.093750 0.926471
vt 1.166667 0.926471
vt 1.239583 0.926471
vt 1.312500 0.926471
vt 1.385417 0.926471
vt 1.458333 0.926471
vt 1.531250 0.926471
vt 1.604167 0.926471
vt 1.677083 0.926471
vt 1.750000 0.926471
vt 1.822917 0.926471
vt 1.895833 0.926471
vt 1.968750 0.926471
vt 2.041667 0.926471
vt 2.114583 0.926471
vt 2.187500 0.926471
vt 2.260417 0.926471
vt 2.333333 0.926471
vt 2.406250 0.926471
vt 2.479167 0.926471
vt 2.552083 0.926471
vt 2.625000 0.926471
vt 2.697917 0.926471
vt 2.770833 0.926471
vt 2.843750 0.926471
vt 2.916667 0.926471
vt 2.989583 0.926471
vt 3.062500 0.926471
vt 3.135417 0.926471
vt 3.208333 0.926471
vt 3.281250 0.926471
vt 3.354167 0.926471
vt 3.427083 0.926471
vt 3.500000 0.926471
vt 0.000000 1.029412
vt 0.072917 1.029412
vt 0.145833 1.029412
vt 0.218750 1.029412
vt 0.291667 1.029412
vt 0.364583 1.029412
vt 0.437500 1.029412
vt 0.510417 1.029412
vt 0.583333 1.029412
vt 0.656250 1.029412
vt 0.729167 1.029412
vt 0.802083 1.029412
vt 0.875000 1.029412
vt 0.947917 1.029412
vt 1.020833 1.029412
vt 1.093750 1.029412
vt 1.166667 1.029412
vt 1.239583 1.029412
vt 1.312500 1.029412
vt 1.385417 1.029412
vt 1.458333 1.029412
vt 1.531250 1.029412
vt 1.604167 1.029412
vt 1.677083 1.029412
vt 1.750000 1.029412
vt 1.822917 1.029412
vt 1.895833 1.029412
vt 1.968750 1.029412
vt 2.041667 1.029412
vt 2.114583 1.029412
vt 2.187500 1.029412
vt 2.260417 1.029412
vt 2.333333 1.029412
vt 2.406250 1.029412
vt 2.479167 1.029412
vt 2.552083 1.029412
vt 2.625000 1.029412
vt 2.697917 1.029412
vt 2.770833 1.029412
vt 2.843750 1.029412
vt 2.916667 1.029412
vt 2.989583 1.029412
vt 3.062500 1.029412
vt 3.135417 1.029412
vt 3.208333 1.029412
vt 3.281250 1.029412
vt 3.354167 1.029412
vt 3.427083 1.029412
vt 3.500000 1.029412
vt 0.000000 1.132353
vt 0.072917 1.132353
vt 0.145833 1.132353
vt 0.218750 1.132353
vt 0.291667 1.132353
vt 0.364583 1.132353
vt 0.437500 1.132353
vt 0.510417 1.132353
vt 0.583333 1.132353
vt 0.656250 1.132353
vt 0.729167 1.132353
vt 0.802083 1.132353
vt 0.875000 1.132353
vt 0.947917 1.132353
vt 1.020833 1.132353
vt 1.093750 1.132353
vt 1.166667 1.132353
vt 1.239583 1.132353
vt 1.312500 1.132353
vt 1.385417 1.132353
vt 1.458333 1.132353
vt 1.531250 1.132353
vt 1.604167 1.132353
vt 1.677083 1.132353
vt 1.750000 1.132353
vt 1.822917 1.132353
vt 1.895833 1.132353
vt 1.968750 1.132353
vt 2.041667 1.132353
vt 2.114583 1.132353
vt 2.187500 1.132353
vt 2.260417 1.132353
vt 2.333333 1.132353
vt 2.406250 1.132353
vt 2.479167 1.132353
vt 2.552083 1.132353
vt 2.625000 1.132353
vt 2.697917 1.132353
vt 2.770833 1.132353
vt 2.843750 1.132353
vt 2.916667 1.132353
vt 2.989583 1.132353
vt 3.062500 1.132353
vt 3.135417 1.132353
vt 3.208333 1.132353
vt 3.281250 1.132353
vt 3.354167 1.132353
vt 3.427083 1.132353
vt 3.500000 1.132353
vt 0.000000 1.235294
vt 0.072917 1.235294
vt 0.145833 1.235294
vt 0.218750 1.235294
vt 0.291667 1.235294
vt 0.364583 1.235294
vt 0.437500 1.235294
vt 0.510417 1.235294
vt 0.583333 1.235294
vt 0.656250 1.235294
vt 0.729167 1.235294
vt 0.802083 1.235294
vt 0.875000 1.235294
vt 0.947917 1.235294
vt 1.020833 1.235294
vt 1.093750 1.235294
vt 1.166667 1.235294
vt 1.239583 1.235294
vt 1.312500 1.235294
vt 1.385417 1.235294
vt 1.458333 1.235294
vt 1.531250 1.235294
vt 1.604167 1.235294
vt 1.677083 1.235294
vt 1.750000 1.235294
vt 1.822917 1.235294
vt 1.895833 1.235294
vt 1.968750 1.235294
vt 2.041667 1.235294
vt 2.114583 1.235294
vt 2.187500 1.235294
vt 2.260417 1.235294
vt 2.333333 1.235294
vt 2.406250 1.235294
vt 2.479167 1.235294
vt 2.552083 1.235294
vt 2.625000 1.235294
vt 2.697917 1.235294
vt 2.770833 1.235294
vt 2.843750 1.235294
vt 2.916667 1.235294
vt 2.989583 1.235294
vt 3.062500 1.235294
vt 3.135417 1.235294
vt 3.208333 1.235294
vt 3.281250 1.235294
vt 3.354167 1.235294
vt 3.427083 1.235294
vt 3.500000 1.235294
vt 0.000000 1.338235
vt 0.072917 1.338235
vt 0.145833 1.338235
vt 0.218750 1.338235
vt 0.291667 1.338235
vt 0.364583 1.338235
vt 0.437500 1.338235
vt 0.510417 1.338235
vt 0.583333 1.338235
vt 0.656250 1.338235
vt 0.729167 1.338235
vt 0.802083 1.338235
vt 0.875000 1.338235
vt 0.947917 1.338235
vt 1.020833 1.338235
vt 1.093750 1.338235
vt 1.166667 1.338235
vt 1.239583 1.338235
vt 1.312500 1.338235
vt 1.385417 1.338235
vt 1.458333 1.338235
vt 1.531250 1.338235
vt 1.604167 1.338235
vt 1.677083 1.338235
vt 1.750000 1.338235
vt 1.822917 1.338235
vt 1.895833 1.338235
vt 1.968750 1.338235
vt 2.041667 1.338235
vt 2.114583 1.338235
vt 2.187500 1.338235
vt 2.260417 1.338235
vt 2.333333 1.338235
vt 2.406250 1.338235
vt 2.479167 1.338235
vt 2.552083 1.338235
vt 2.625000 1.338235
vt 2.697917 1.338235
vt 2.770833 1.338235
vt 2.843750 1.338235
vt 2.916667 1.338235
vt 2.989583 1.338235
vt 3.062500 1.338235
vt 3.135417 1.338235
vt 3.208333 1.338235
vt 3.281250 1.338235
vt 3.354167 1.338235
vt 3.427083 1.338235
vt 3.500000 1.338235
vt 0.000000 1.441176
vt 0.072917 1.441176
vt 0.145833 1.441176
vt 0.218750 1.441176
vt 0.291667 1.441176
vt 0.364583 1.441176
vt 0.437500 1.441176
vt 0.510417 1.441176
vt 0.583333 1.441176
vt 0.656250 1.441176
vt 0.729167 1.441176
vt 0.802083 1.441176
vt 0.875000 1.441176
vt 0.947917 1.441176
vt 1.020833 1.441176
vt 1.093750 1.441176
vt 1.166667 1.441176
vt 1.239583 1.441176
vt 1.312500 1.441176
vt 1.385417 1.441176
vt 1.458333 1.441176
vt 1.531250 1.441176
vt 1.604167 1.441176
vt 1.677083 1.441176
vt 1.750000 1.441176
vt 1.822917 1.441176
vt 1.895833 1.441176
vt 1.968750 1.441176
vt 2.041667 1.441176
vt 2.114583 1.441176
vt 2.187500 1.441176
vt 2.260417 1.441176
vt 2.333333 1.441176
vt 2.406250 1.441176
vt 2.479167 1.441176
vt 2.552083 1.441176
vt 2.625000 1.441176
vt 2.697917 1.441176
vt 2.770833 1.441176
vt 2.843750 1.441176
vt 2.916667 1.441176
vt 2.989583 1.441176
vt 3.062500 1.441176
vt 3.135417 1.441176
vt 3.208333 1.441176
vt 3.281250 1.441176
vt 3.354167 1.441176
vt 3.427083 1.441176
vt 3.500000 1.441176
vt 0.000000 1.544118
vt 0.072917 1.544118
vt 0.145833 1.544118
vt 0.218750 1.544118
vt 0.291667 1.544118
vt 0.364583 1.544118
vt 0.437500 1.544118
vt 0.510417 1.544118
vt 0.583333 1.544118
vt 0.656250 1.544118
vt 0.729167 1.544118
vt 0.802083 1.544118
vt 0.875000 1.544118
vt 0.947917 1.544118
vt 1.020833 1.544118
vt 1.093750 1.544118
vt 1.166667 1.544118
vt 1.239583 1.544118
vt 1.312500 1.544118
vt 1.385417 1.544118
vt 1.458333 1.544118
vt 1.531250 1.544118
vt 1.604167 1.544118
vt 1.677083 1.544118
vt 1.750000 1.544118
vt 1.822917 1.544118
vt 1.895833 1.544118
vt 1.968750 1.544118
vt 2.041667 1.544118
vt 2.114583 1.544118
vt 2.187500 1.544118
vt 2.260417 1.544118
vt 2.333333 1.544118
vt 2.406250 1.544118
vt 2.479167 1.544118
vt 2.552083 1.544118
vt 2.625000 1.544118
vt 2.697917 1.544118
vt 2.770833 1.544118
vt 2.843750 1.544118
vt 2.916667 1.544118
vt 2.989583 1.544118
vt 3.062500 1.544118
vt 3.135417 1.544118
vt 3.208333 1.544118
vt 3.281250 1.544118
vt 3.354167 1.544118
vt 3.427083 1.544118
vt 3.500000 1.544118
vt 0.000000 1.647059
vt 0.072917 1.647059
vt 0.145833 1.647059
vt 0.218750 1.647059
vt 0.291667 1.647059
vt 0.364583 1.647059
vt 0.437500 1.647059
vt 0.510417 1.647059
vt 0.583333 1.647059
vt 0.656250 1.647059
vt 0.729167 1.647059
vt 0.802083 1.647059
vt 0.875000 1.647059
vt 0.947917 1.647059
vt 1.020833 1.647059
vt 1.093750 1.647059
vt 1.166667 1.647059
vt 1.239583 1.647059
vt 1.312500 1.647059
vt 1.385417 1.647059
vt 1.458333 1.647059
vt 1.531250 1.647059
vt 1.604167 1.647059
vt 1.677083 1.647059
vt 1.750000 1.647059
vt 1.822917 1.647059
vt 1.895833 1.647059
vt 1.968750 1.647059
vt 2.041667 1.647059
vt 2.114583 1.647059
vt 2.187500 1.647059
vt 2.260417 1.647059
vt 2.333333 1.647059
vt 2.406250 1.647059
vt 2.479167 1.647059
vt 2.552083 1.647059
vt 2.625000 1.647059
vt 2.697917 1.647059
vt 2.770833 1.647059
vt 2.843750 1.647059
vt 2.916667 1.647059
vt 2.989583 1.647059
vt 3.062500 1.647059
vt 3.135417 1.647059
vt 3.208333 1.647059
vt 3.281250 1.647059
vt 3.354167 1.647059
vt 3.427083 1.647059
vt 3.500000 1.647059
vt 0.000000 1.750000
vt 0.072917 1.750000
vt 0.145833 1.750000
vt 0.218750 1.750000
vt 0.291667 1.750000
vt 0.364583 1.750000
vt 0.437500 1.750000
vt 0.510417 1.750000
vt 0.583333 1.750000
vt 0.656250 1.750000
vt 0.729167 1.750000
vt 0.802083 1.750000
vt 0.875000 1.750000
vt 0.947917 1.750000
vt 1.020833 1.750000
vt 1.093750 1.750000
vt 1.166667 1.750000
vt 1.239583 1.750000
vt 1.312500 1.750000
vt 1.385417 1.750000
vt 1.458333 1.750000
vt 1.531250 1.750000
vt 1.604167 1.750000
vt 1.677083 1.750000
vt 1.750000 1.750000
vt 1.822917 1.750000
vt 1.895833 1.750000
vt 1.968750 1.750000
vt 2.041667 1.750000
vt 2.114583 1.750000
vt 2.187500 1.750000
vt 2.260417 1.750000
vt 2.333333 1.750000
vt 2.406250 1.750000
vt 2.479167 1.750000
vt 2.552083 1.750000
vt 2.625000 1.750000
vt 2.697917 1.750000
vt 2.770833 1.750000
vt 2.843750 1.750000
vt 2.916667 1.750000
vt 2.989583 1.750000
vt 3.062500 1.750000
vt 3.135417 1.750000
vt 3.208333 1.750000
vt 3.281250 1.750000
vt 3.354167 1.750000
vt 3.427083 1.750000
vt 3.500000 1.750000
vt 0.000000 1.852941
vt 0.072917 1.852941
vt 0.145833 1.852941
vt 0.218750 1.852941
vt 0.291667 1.852941
vt 0.364583 1.852941
vt 0.437500 1.852941
vt 0.510417 1.852941
vt 0.583333 1.852941
vt 0.656250 1.852941
vt 0.729167 1.852941
vt 0.802083 1.852941
vt 0.875000 1.852941
vt 0.947917 1.852941
vt 1.020833 1.852941
vt 1.093750 1.852941
vt 1.166667 1.852941
vt 1.239583 1.852941
vt 1.312500 1.852941
vt 1.385417 1.852941
vt 1.458333 1.852941
vt 1.531250 1.852941
vt 1.604167 1.852941
vt 1.677083 1.852941
vt 1.750000 1.852941
vt 1.822917 1.852941
vt 1.895833 1.852941
vt 1.968750 1.852941
vt 2.041667 1.852941
vt 2.114583 1.852941
vt 2.187500 1.852941
vt 2.260417 1.852941
vt 2.333333 1.852941
vt 2.406250 1.852941
vt 2.479167 1.852941
vt 2.552083 1.852941
vt 2.625000 1.852941
vt 2.697917 1.852941
vt 2.770833 1.852941
vt 2.843750 1.852941
vt 2.916667 1.852941
vt 2.989583 1.852941
vt 3.062500 1.852941
vt 3.135417 1.852941
vt 3.208333 1.852941
vt 3.281250 1.852941
vt 3.354167 1.852941
vt 3.427083 1.852941
vt 3.500000 1.852941
vt 0.000000 1.955882
vt 0.072917 1.955882
vt 0.145833 1.955882
vt 0.218750 1.955882
vt 0.291667 1.955882
vt 0.364583 1.955882
vt 0.437500 1.955882
vt 0.510417 1.955882
vt 0.583333 1.955882
vt 0.656250 1.955882
vt 0.729167 1.955882
vt 0.802083 1.955882
vt 0.875000 1.955882
vt 0.947917 1.955882
vt 1.020833 1.955882
vt 1.093750 1.955882
vt 1.166667 1.955882
vt 1.239583 1.955882
vt 1.312500 1.955882
vt 1.385417 1.955882
vt 1.458333 1.955882
vt 1.531250 1.955882
vt 1.604167 1.955882
vt 1.677083 1.955882
vt 1.750000 1.955882
vt 1.822917 1.955882
vt 1.895833 1.955882
vt 1.968750 1.955882
vt 2.041667 1.955882
vt 2.114583 1.955882
vt 2.187500 1.955882
vt 2.260417 1.955882
vt 2.333333 1.955882
vt 2.406250 1.955882
vt 2.479167 1.955882
vt 2.552083 1.955882
vt 2.625000 1.955882
vt 2.697917 1.955882
vt 2.770833 1.955882
vt 2.843750 1.955882
vt 2.916667 1.955882
vt 2.989583 1.955882
vt 3.062500 1.955882
vt 3.135417 1.955882
vt 3.208333 1.955882
vt 3.281250 1.955882
vt 3.354167 1.955882
vt 3.427083 1.955882
vt 3.500000 1.955882
vt 0.000000 2.058824
vt 0.072917 2.058824
vt 0.145833 2.058824
vt 0.218750 2.058824
vt 0.291667 2.058824
vt 0.364583 2.058824
vt 0.437500 2.058824
vt 0.510417 2.058824
vt 0.583333 2.058824
vt 0.656250 2.058824
vt 0.729167 2.058824
vt 0.802083 2.058824
vt 0.875000 2.058824
vt 0.947917 2.058824
vt 1.020833 2.058824
vt 1.093750 2.058824
vt 1.166667 2.058824
vt 1.239583 2.058824
vt 1.312500 2.058824
vt 1.385417 2.058824
vt 1.458333 2.058824
vt 1.531250 2.058824
vt 1.604167 2.058824
vt 1.677083 2.058824
vt 1.750000 2.058824
vt 1.822917 2.058824
vt 1.895833 2.058824
vt 1.968750 2.058824
vt 2.041667 2.058824
vt 2.114583 2.058824
vt 2.187500 2.058824
vt 2.260417 2.058824
vt 2.333333 2.058824
vt 2.406250 2.058824
vt 2.479167 2.058824
vt 2.552083 2.058824
vt 2.625000 2.058824
vt 2.697917 2.058824
vt 2.770833 2.058824
vt 2.843750 2.058824
vt 2.916667 2.058824
vt 2.989583 2.058824
vt 3.062500 2.058824
vt 3.135417 2.058824
vt 3.208333 2.058824
vt 3.281250 2.058824
vt 3.354167 2.058824
vt 3.427083 2.058824
vt 3.500000 2.058824
vt 0.000000 2.161765
vt 0.072917 2.161765
vt 0.145833 2.161765
vt 0.218750 2.161765
vt 0.291667 2.161765
vt 0.364583 2.161765
vt 0.437500 2.161765
vt 0.510417 2.161765
vt 0.583333 2.161765
vt 0.656250 2.161765
vt 0.729167 2.161765
vt 0.802083 2.161765
vt 0.875000 2.161765
vt 0.947917 2.161765
vt 1.020833 2.161765
vt 1.093750 2.161765
vt 1.166667 2.161765
vt 1.239583 2.161765
vt 1.312500 2.161765
vt 1.385417 2.161765
vt 1.458333 2.161765
vt 1.531250 2.161765
vt 1.604167 2.161765
vt 1.677083 2.161765
vt 1.750000 2.161765
vt 1.822917 2.161765
vt 1.895833 2.161765
vt 1.968750 2.161765
vt 2.041667 2.161765
vt 2.114583 2.161765
vt 2.187500 2.161765
vt 2.260417 2.161765
vt 2.333333 2.161765
vt 2.406250 2.161765
vt 2.479167 2.161765
vt 2.552083 2.161765
vt 2.625000 2.161765
vt 2.697917 2.161765
vt 2.770833 2.161765
vt 2.843750 2.161765
vt 2.916667 2.161765
vt 2.989583 2.161765
vt 3.062500 2.161765
vt 3.135417 2.161765
vt 3.208333 2.161765
vt 3.281250 2.161765
vt 3.354167 2.161765
vt 3.427083 2.161765
vt 3.500000 2.161765
vt 0.000000 2.264706
vt 0.072917 2.264706
vt 0.145833 2.264706
vt 0.218750 2.264706
vt 0.291667 2.264706
vt 0.364583 2.264706
vt 0.437500 2.264706
vt 0.510417 2.264706
vt 0.583333 2.264706
vt 0.656250 2.264706
vt 0.729167 2.264706
vt 0.802083 2.264706
vt 0.875000 2.264706
vt 0.947917 2.264706
vt 1.020833 2.264706
vt 1.093750 2.264706
vt 1.166667 2.264706
vt 1.239583 2.264706
vt 1.312500 2.264706
vt 1.385417 2.264706
vt 1.458333 2.264706
vt 1.531250 2.264706
vt 1.604167 2.264706
vt 1.677083 2.264706
vt 1.750000 2.264706
vt 1.822917 2.264706
vt 1.895833 2.264706
vt 1.968750 2.264706
vt 2.041667 2.264706
vt 2.114583 2.264706
vt 2.187500 2.264706
vt 2.260417 2.264706
vt 2.333333 2.264706
vt 2.406250 2.264706
vt 2.479167 2.264706
vt 2.552083 2.264706
vt 2.625000 2.264706
vt 2.697917 2.264706
vt 2.770833 2.264706
vt 2.843750 2.264706
vt 2.916667 2.264706
vt 2.989583 2.264706
vt 3.062500 2.264706
vt 3.135417 2.264706
vt 3.208333 2.264706
vt 3.281250 2.264706
vt 3.354167 2.264706
vt 3.427083 2.264706
vt 3.500000 2.264706
vt 0.000000 2.367647
vt 0.072917 2.367647
vt 0.145833 2.367647
vt 0.218750 2.367647
vt 0.291667 2.367647
vt 0.364583 2.367647
vt 0.437500 2.367647
vt 0.510417 2.367647
vt 0.583333 2.367647
vt 0.656250 2.367647
vt 0.729167 2.367647
vt 0.802083 2.367647
vt 0.875000 2.367647
vt 0.947917 2.367647
vt 1.020833 2.367647
vt 1.093750 2.367647
vt 1.166667 2.367647
vt 1.239583 2.367647
vt 1.312500 2.367647
vt 1.385417 2.367647
vt 1.458333 2.367647
vt 1.531250 2.367647
vt 1.604167 2.367647
vt 1.677083 2.367647
vt 1.750000 2.367647
vt 1.822917 2.367647
vt 1.895833 2.367647
vt 1.968750 2.367647
vt 2.041667 2.367647
vt 2.114583 2.367647
vt 2.187500 2.367647
vt 2.260417 2.367647
vt 2.333333 2.367647
vt 2.406250 2.367647
vt 2.479167 2.367647
vt 2.552083 2.367647
vt 2.625000 2.367647
vt 2.697917 2.367647
vt 2.770833 2.367647
vt 2.843750 2.367647
vt 2.916667 2.367647
vt 2.989583 2.367647
vt 3.062500 2.367647
vt 3.135417 2.367647
vt 3.208333 2.367647
vt 3.281250 2.367647
vt 3.354167 2.367647
vt 3.427083 2.367647
vt 3.500000 2.367647
vt 0.000000 2.470588
vt 0.072917 2.470588
vt 0.145833 2.470588
vt 0.218750 2.470588
vt 0.291667 2.470588
vt 0.364583 2.470588
vt 0.437500 2.470588
vt 0.510417 2.470588
vt 0.583333 2.470588
vt 0.656250 2.470588
vt 0.729167 2.470588
vt 0.802083 2.470588
vt 0.875000 2.470588
vt 0.947917 2.470588
vt 1.020833 2.470588
vt 1.093750 2.470588
vt 1.166667 2.470588
vt 1.239583 2.470588
vt 1.312500 2.470588
vt 1.385417 2.470588
vt 1.458333 2.470588
vt 1.531250 2.470588
vt 1.604167 2.470588
vt 1.677083 2.470588
vt 1.750000 2.470588
vt 1.822917 2.470588
vt 1.895833 2.470588
vt 1.968750 2.470588
vt 2.041667 2.470588
vt 2.114583 2.470588
vt 2.187500 2.470588
vt 2.260417 2.470588
vt 2.333333 2.470588
vt 2.406250 2.470588
vt 2.479167 2.470588
vt 2.552083 2.470588
vt 2.625000 2.470588
vt 2.697917 2.470588
vt 2.770833 2.470588
vt 2.843750 2.470588
vt 2.916667 2.470588
vt 2.989583 2.470588
vt 3.062500 2.470588
vt 3.135417 2.470588
vt 3.208333 2.470588
vt 3.281250 2.470588
vt 3.354167 2.470588
vt 3.427083 2.470588
vt 3.500000 2.470588
vt 0.000000 2.573529
vt 0.072917 2.573529
vt 0.145833 2.573529
vt 0.218750 2.573529
vt 0.291667 2.573529
vt 0.364583 2.573529
vt 0.437500 2.573529
vt 0.510417 2.573529
vt 0.583333 2.573529
vt 0.656250 2.573529
vt 0.729167 2.573529
vt 0.802083 2.573529
vt 0.875000 2.573529
vt 0.947917 2.573529
vt 1.020833 2.573529
vt 1.093750 2.573529
vt 1.166667 2.573529
vt 1.239583 2.573529
vt 1.312500 2.573529
vt 1.385417 2.573529
vt 1.458333 2.573529
vt 1.531250 2.573529
vt 1.604167 2.573529
vt 1.677083 2.573529
vt 1.750000 2.573529
vt 1.822917 2.573529
vt 1.895833 2.573529
vt 1.968750 2.573529
vt 2.041667 2.573529
vt 2.114583 2.573529
vt 2.187500 2.573529
vt 2.260417 2.573529
vt 2.333333 2.573529
vt 2.406250 2.573529
vt 2.479167 2.573529
vt 2.552083 2.573529
vt 2.625000 2.573529
vt 2.697917 2.573529
vt 2.770833 2.573529
vt 2.843750 2.573529
vt 2.916667 2.573529
vt 2.989583 2.573529
vt 3.062500 2.573529
vt 3.135417 2.573529
vt 3.208333 2.573529
vt 3.281250 2.573529
vt 3.354167 2.573529
vt 3.427083 2.573529
vt 3.500000 2.573529
vt 0.000000 2.676471
vt 0.072917 2.676471
vt 0.145833 2.676471
vt 0.218750 2.676471
vt 0.291667 2.676471
vt 0.364583 2.676471
vt 0.437500 2.676471
vt 0.510417 2.676471
vt 0.583333 2.676471
vt 0.656250 2.676471
vt 0.729167 2.676471
vt 0.802083 2.676471
vt 0.875000 2.676471
vt 0.947917 2.676471
vt 1.020833 2.676471
vt 1.093750 2.676471
vt 1.166667 2.676471
vt 1.239583 2.676471
vt 1.312500 2.676471
vt 1.385417 2.676471
vt 1.458333 2.676471
vt 1.531250 2.676471
vt 1.604167 2.676471
vt 1.677083 2.676471
vt 1.750000 2.676471
vt 1.822917 2.676471
vt 1.895833 2.676471
vt 1.968750 2.676471
vt 2.041667 2.676471
vt 2.114583 2.676471
vt 2.187500 2.676471
vt 2.260417 2.676471
vt 2.333333 2.676471
vt 2.406250 2.676471
vt 2.479167 2.676471
vt 2.552083 2.676471
vt 2.625000 2.676471
vt 2.697917 2.676471
vt 2.770833 2.676471
vt 2.843750 2.676471
vt 2.916667 2.676471
vt 2.989583 2.676471
vt 3.062500 2.676471
vt 3.135417 2.676471
vt 3.208333 2.676471
vt 3.281250 2.676471
vt 3.354167 2.676471
vt 3.427083 2.676471
vt 3.500000 2.676471
vt 0.000000 2.779412
vt 0.072917 2.779412
vt 0.145833 2.779412
vt 0.218750 2.779412
vt 0.291667 2.779412
vt 0.364583 2.779412
vt 0.437500 2.779412
vt 0.510417 2.779412
vt 0.583333 2.779412
vt 0.656250 2.779412
vt 0.729167 2.779412
vt 0.802083 2.779412
vt 0.875000 2.779412
vt 0.947917 2.779412
vt 1.020833 2.779412
vt 1.093750 2.779412
vt 1.166667 2.779412
vt 1.239583 2.779412
vt 1.312500 2.779412
vt 1.385417 2.779412
vt 1.458333 2.779412
vt 1.531250 2.779412
vt 1.604167 2.779412
vt 1.677083 2.779412
vt 1.750000 2.779412
vt 1.822917 2.779412
vt 1.895833 2.779412
vt 1.968750 2.779412
vt 2.041667 2.779412
vt 2.114583 2.779412
vt 2.187500 2.779412
vt 2.260417 2.779412
vt 2.333333 2.779412
vt 2.406250 2.779412
vt 2.479167 2.779412
vt 2.552083 2.779412
vt 2.625000 2.779412
vt 2.697917 2.779412
vt 2.770833 2.779412
vt 2.843750 2.779412
vt 2.916667 2.779412
vt 2.989583 2.779412
vt 3.062500 2.779412
vt 3.135417 2.779412
vt 3.208333 2.779412
vt 3.281250 2.779412
vt 3.354167 2.779412
vt 3.427083 2.779412
vt 3.500000 2.779412
vt 0.000000 2.882353
vt 0.072917 2.882353
vt 0.145833 2.882353
vt 0.218750 2.882353
vt 0.291667 2.882353
vt 0.364583 2.882353
vt 0.437500 2.882353
vt 0.510417 2.882353
vt 0.583333 2.882353
vt 0.656250 2.882353
vt 0.729167 2.882353
vt 0.802083 2.882353
vt 0.875000 2.882353
vt 0.947917 2.882353
vt 1.020833 2.882353
vt 1.093750 2.882353
vt 1.166667 2.882353
vt 1.239583 2.882353
vt 1.312500 2.882353
vt 1.385417 2.882353
vt 1.458333 2.882353
vt 1.531250 2.882353
vt 1.604167 2.882353
vt 1.677083 2.882353
vt 1.750000 2.882353
vt 1.822917 2.882353
vt 1.895833 2.882353
vt 1.968750 2.882353
vt 2.041667 2.882353
vt 2.114583 2.882353
vt 2.187500 2.882353
vt 2.260417 2.882353
vt 2.333333 2.882353
vt 2.406250 2.882353
vt 2.479167 2.882353
vt 2.552083 2.882353
vt 2.625000 2.882353
vt 2.697917 2.882353
vt 2.770833 2.882353
vt 2.843750 2.882353
vt 2.916667 2.882353
vt 2.989583 2.882353
vt 3.062500 2.882353
vt 3.135417 2.882353
vt 3.208333 2.882353
vt 3.281250 2.882353
vt 3.354167 2.882353
vt 3.427083 2.882353
vt 3.500000 2.882353
vt 0.000000 2.985294
vt 0.072917 2.985294
vt 0.145833 2.985294
vt 0.218750 2.985294
vt 0.291667 2.985294
vt 0.364583 2.985294
vt 0.437500 2.985294
vt 0.510417 2.985294
vt 0.583333 2.985294
vt 0.656250 2.985294
vt 0.729167 2.985294
vt 0.802083 2.985294
vt 0.875000 2.985294
vt 0.947917 2.985294
vt 1.020833 2.985294
vt 1.093750 2.985294
vt 1.166667 2.985294
vt 1.239583 2.985294
vt 1.312500 2.985294
vt 1.385417 2.985294
vt 1.458333 2.985294
vt 1.531250 2.985294
vt 1.604167 2.985294
vt 1.677083 2.985294
vt 1.750000 2.985294
vt 1.822917 2.985294
vt 1.895833 2.985294
vt 1.968750 2.985294
vt 2.041667 2.985294
vt 2.114583 2.985294
vt 2.187500 2.985294
vt 2.260417 2.985294
vt 2.333333 2.985294
vt 2.406250 2.985294
vt 2.479167 2.985294
vt 2.552083 2.985294
vt 2.625000 2.985294
vt 2.697917 2.985294
vt 2.770833 2.985294
vt 2.843750 2.985294
vt 2.916667 2.985294
vt 2.989583 2.985294
vt 3.062500 2.985294
vt 3.135417 2.985294
vt 3.208333 2.985294
vt 3.281250 2.985294
vt 3.354167 2.985294
vt 3.427083 2.985294
vt 3.500000 2.985294
vt 0.000000 3.088235
vt 0.072917 3.088235
vt 0.145833 3.088235
vt 0.218750 3.088235
vt 0.291667 3.088235
vt 0.364583 3.088235
vt 0.437500 3.088235
vt 0.510417 3.088235
vt 0.583333 3.088235
vt 0.656250 3.088235
vt 0.729167 3.088235
vt 0.802083 3.088235
vt 0.875000 3.088235
vt 0.947917 3.088235
vt 1.020833 3.088235
vt 1.093750 3.088235
vt 1.166667 3.088235
vt 1.239583 3.088235
vt 1.312500 3.088235
vt 1.385417 3.088235
vt 1.458333 3.088235
vt 1.531250 3.088235
vt 1.604167 3.088235
vt 1.677083 3.088235
vt 1.750000 3.088235
vt 1.822917 3.088235
vt 1.895833 3.088235
vt 1.968750 3.088235
vt 2.041667 3.088235
vt 2.114583 3.088235
vt 2.187500 3.088235
vt 2.260417 3.088235
vt 2.333333 3.088235
vt 2.406250 3.088235
vt 2.479167 3.088235
vt 2.552083 3.088235
vt 2.625000 3.088235
vt 2.697917 3.088235
vt 2.770833 3.088235
vt 2.843750 3.088235
vt 2.916667 3.088235
vt 2.989583 3.088235
vt 3.062500 3.088235
vt 3.135417 3.088235
vt 3.208333 3.088235
vt 3.281250 3.088235
vt 3.354167 3.088235
vt 3.427083 3.088235
vt 3.500000 3.088235
vt 0.000000 3.191176
vt 0.072917 3.191176
vt 0.145833 3.191176
vt 0.218750 3.191176
vt 0.291667 3.191176
vt 0.364583 3.191176
vt 0.437500 3.191176
vt 0.510417 3.191176
vt 0.583333 3.191176
vt 0.656250 3.191176
vt 0.729167 3.191176
vt 0.802083 3.191176
vt 0.875000 3.191176
vt 0.947917 3.191176
vt 1.020833 3.191176
vt 1.093750 3.191176
vt 1.166667 3.191176
vt 1.239583 3.191176
vt 1.312500 3.191176
vt 1.385417 3.191176
vt 1.458333 3.191176
vt 1.531250 3.191176
vt 1.604167 3.191176
vt 1.677083 3.191176
vt 1.750000 3.191176
vt 1.822917 3.191176
vt 1.895833 3.191176
vt 1.968750 3.191176
vt 2.041667 3.191176
vt 2.114583 3.191176
vt 2.187500 3.191176
vt 2.260417 3.191176
vt 2.333333 3.191176
vt 2.406250 3.191176
vt 2.479167 3.191176
vt 2.552083 3.191176
vt 2.625000 3.191176
vt 2.697917 3.191176
vt 2.770833 3.191176
vt 2.843750 3.191176
vt 2.916667 3.191176
vt 2.989583 3.191176
vt 3.062500 3.191176
vt 3.135417 3.191176
vt 3.208333 3.191176
vt 3.281250 3.191176
vt 3.354167 3.191176
vt 3.427083 3.191176
vt 3.500000 3.191176
vt 0.000000 3.294118
vt 0.072917 3.294118
vt 0.145833 3.294118
vt 0.218750 3.294118
vt 0.291667 3.294118
vt 0.364583 3.294118
vt 0.437500 3.294118
vt 0.510417 3.294118
vt 0.583333 3.294118
vt 0.656250 3.294118
vt 0.729167 3.294118
vt 0.802083 3.294118
vt 0.875000 3.294118
vt 0.947917 3.294118
vt 1.020833 3.294118
vt 1.093750 3.294118
vt 1.166667 3.294118
vt 1.239583 3.294118
vt 1.312500 3.294118
vt 1.385417 3.294118
vt 1.458333 3.294118
vt 1.531250 3.294118
vt 1.604167 3.294118
vt 1.677083 3.294118
vt 1.750000 3.294118
vt 1.822917 3.294118
vt 1.895833 3.294118
vt 1.968750 3.294118
vt 2.041667 3.294118
vt 2.114583 3.294118
vt 2.187500 3.294118
vt 2.260417 3.294118
vt 2.333333 3.294118
vt 2.406250 3.294118
vt 2.479167 3.294118
vt 2.552083 3.294118
vt 2.625000 3.294118
vt 2.697917 3.294118
vt 2.770833 3.294118
vt 2.843750 3.294118
vt 2.916667 3.294118
vt 2.989583 3.294118
vt 3.062500 3.294118
vt 3.135417 3.294118
vt 3.208333 3.294118
vt 3.281250 3.294118
vt 3.354167 3.294118
vt 3.427083 3.294118
vt 3.500000 3.294118
vt 0.000000 3.397059
vt 0.072917 3.397059
vt 0.145833 3.397059
vt 0.218750 3.397059
vt 0.291667 3.397059
vt 0.364583 3.397059
vt 0.437500 3.397059
vt 0.510417 3.397059
vt 0.583333 3.397059
vt 0.656250 3.397059
vt 0.729167 3.397059
vt 0.802083 3.397059
vt 0.875000 3.397059
vt 0.947917 3.397059
vt 1.020833 3.397059
vt 1.093750 3.397059
vt 1.166667 3.397059
vt 1.239583 3.397059
vt 1.312500 3.397059
vt 1.385417 3.397059
vt 1.458333 3.397059
vt 1.531250 3.397059
vt 1.604167 3.397059
vt 1.677083 3.397059
vt 1.750000 3.397059
vt 1.822917 3.397059
vt 1.895833 3.397059
vt 1.968750 3.397059
vt 2.041667 3.397059
vt 2.114583 3.397059
vt 2.187500 3.397059
vt 2.260417 3.397059
vt 2.333333 3.397059
vt 2.406250 3.397059
vt 2.479167 3.397059
vt 2.552083 3.397059
vt 2.625000 3.397059
vt 2.697917 3.397059
vt 2.770833 3.397059
vt 2.843750 3.397059
vt 2.916667 3.397059
vt 2.989583 3.397059
vt 3.062500 3.397059
vt 3.135417 3.397059
vt 3.208333 3.397059
vt 3.281250 3.397059
vt 3.354167 3.397059
vt 3.427083 3.397059
vt 3.500000 3.397059
vt 0.000000 3.500000
vt 0.072917 3.500000
vt 0.145833 3.500000
vt 0.218750 3.500000
vt 0.291667 3.500000
vt 0.364583 3.500000
vt 0.437500 3.500000
vt 0.510417 3.500000
vt 0.583333 3.500000
vt 0.656250 3.500000
vt 0.729167 3.500000
vt 0.802083 3.500000
vt 0.875000 3.500000
vt 0.947917 3.500000
vt 1.020833 3.500000
vt 1.093750 3.500000
vt 1.166667 3.500000
vt 1.239583 3.500000
vt 1.312500 3.500000
vt 1.385417 3.500000
vt 1.458333 3.500000
vt 1.531250 3.500000
vt 1.604167 3.500000
vt 1.677083 3.500000
vt 1.750000 3.500000
vt 1.822917 3.500000
vt 1.895833 3.500000
vt 1.968750 3.500000
vt 2.041667 3.500000
vt 2.114583 3.500000
vt 2.187500 3.500000
vt 2.260417 3.500000
vt 2.333333 3.500000
vt 2.406250 3.500000
vt 2.479167 3.500000
vt 2.552083 3.500000
vt 2.625000 3.500000
vt 2.697917 3.500000
vt 2.770833 3.500000
vt 2.843750 3.500000
vt 2.916667 3.500000
vt 2.989583 3.500000
vt 3.062500 3.500000
vt 3.135417 3.500000
vt 3.208333 3.500000
vt 3.281250 3.500000
vt 3.354167 3.500000
vt 3.427083 3.500000
vt 3.500000 3.500000
vn -0.015298 0.000435 0.999883
vn -0.012611 0.000815 0.999920
vn -0.009286 0.001227 0.999956
vn -0.005495 0.001664 0.999984
vn -0.001436 0.002119 0.999997
vn 0.002682 0.002584 0.999993
vn 0.006642 0.003052 0.999973
vn 0.010239 0.003514 0.999941
vn 0.013289 0.003962 0.999904
vn 0.015637 0.004389 0.999868
vn 0.017167 0.004788 0.999841
vn 0.017808 0.005152 0.999828
vn 0.017540 0.005476 0.999831
vn 0.016389 0.005752 0.999849
vn 0.014433 0.005978 0.999878
vn 0.011789 0.006149 0.999912
vn 0.008615 0.006262 0.999943
vn 0.005094 0.006315 0.999967
vn 0.001427 0.006307 0.999979
vn -0.002178 0.006239 0.999978
vn -0.005520 0.006111 0.999966
vn -0.008416 0.005926 0.999947
vn -0.010708 0.005687 0.999927
vn -0.012278 0.005398 0.999910
vn -0.013047 0.005063 0.999902
vn -0.012986 0.004690 0.999905
vn -0.012112 0.004283 0.999918
vn -0.010492 0.003849 0.999938
vn -0.008234 0.003397 0.999960
vn -0.005484 0.002933 0.999981
vn -0.002415 0.002465 0.999994
vn 0.000781 0.002002 0.999998
vn 0.003904 0.001551 0.999991
vn 0.006760 0.001119 0.999977
vn 0.009170 0.000715 0.999958
vn 0.010982 0.000344 0.999940
vn 0.012079 0.000014 0.999927
vn 0.012386 -0.000271 0.999923
vn 0.011874 -0.000505 0.999929
vn 0.010563 -0.000685 0.999944
vn 0.008520 -0.000808 0.999963
vn 0.005855 -0.000871 0.999982
vn 0.002717 -0.000873 0.999996
vn -0.000718 -0.000815 0.999999
vn -0.004252 -0.000697 0.999991
vn -0.007681 -0.000521 0.999970
vn -0.010804 -0.000291 0.999942
vn -0.013436 -0.000010 0.999910
vn -0.015416 0.000317 0.999881
vn -0.014905 -0.001128 0.999888
vn -0.012185 -0.000716 0.999925
vn -0.008835 -0.000278 0.999961
vn -0.005026 0.000178 0.999987
vn -0.000956 0.000643 0.999999
vn 0.003164 0.001110 0.999994
vn 0.007118 0.001572 0.999973
vn 0.010702 0.002020 0.999941
vn 0.013730 0.002446 0.999903
vn 0.016048 0.002844 0.999867
vn 0.017542 0.003207 0.999841
vn 0.018141 0.003529 0.999829
vn 0.017824 0.003804 0.999834
vn 0.016621 0.004028 0.999854
vn 0.014608 0.004197 0.999884
vn 0.011905 0.004308 0.999920
vn 0.008669 0.004359 0.999953
vn 0.005085 0.004350 0.999978
vn 0.001356 0.004280 0.999990
vn -0.002310 0.004150 0.999989
vn -0.005712 0.003963 0.999976
vn -0.008663 0.003723 0.999956
vn -0.011007 0.003432 0.999934
vn -0.012623 0.003096 0.999916
vn -0.013433 0.002721 0.999906
vn -0.013406 0.002313 0.999907
vn -0.012560 0.001879 0.999919
vn -0.010959 0.001426 0.999939
vn -0.008713 0.000962 0.999962
vn -0.005966 0.000494 0.999982
vn -0.002892 0.000031 0.999996
vn 0.000316 -0.000420 1.000000
vn 0.003459 -0.000850 0.999994
vn 0.006343 -0.001254 0.999979
vn 0.008788 -0.001623 0.999960
vn 0.010642 -0.001952 0.999941
vn 0.011786 -0.002235 0.999928
vn 0.012145 -0.002468 0.999923
vn 0.011689 -0.002646 0.999928
vn 0.010438 -0.002767 0.999942
vn 0.008456 -0.002828 0.999960
vn 0.005854 -0.002828 0.999979
vn 0.002778 -0.002768 0.999992
vn -0.000595 -0.002648 0.999996
vn -0.004070 -0.002471 0.999989
vn -0.007442 -0.002239 0.999970
vn -0.010513 -0.001956 0.999943
vn -0.013097 -0.001628 0.999913
vn -0.015036 -0.001259 0.999886
vn -0.014479 -0.002689 0.999892
vn -0.011733 -0.002250 0.999929
vn -0.008365 -0.001795 0.999963
vn -0.004546 -0.001329 0.999989
vn -0.000473 -0.000862 1.000000
vn 0.003640 -0.000401 0.999993
vn 0.007580 0.000047 0.999971
vn 0.011141 0.000472 0.999938
vn 0.014140 0.000870 0.999900
vn 0.016422 0.001231 0.999864
vn 0.017873 0.001552 0.999839
vn 0.018424 0.001826 0.999829
vn 0.018055 0.002048 0.999835
vn 0.016794 0.002215 0.999856
vn 0.014721 0.002324 0.999889
vn 0.011956 0.002373 0.999926
vn 0.008658 0.002361 0.999960
vn 0.005012 0.002289 0.999985
vn 0.001221 0.002158 0.999997
vn -0.002504 0.001969 0.999995
vn -0.005961 0.001727 0.999981
vn -0.008964 0.001435 0.999959
vn -0.011354 0.001098 0.999935
vn -0.013011 0.000722 0.999915
vn -0.013855 0.000313 0.999904
vn -0.013854 -0.000122 0.999904
vn -0.013028 -0.000576 0.999915
vn -0.011438 -0.001040 0.999934
vn -0.009195 -0.001508 0.999957
vn -0.006444 -0.001970 0.999977
vn -0.003357 -0.002421 0.999991
vn -0.000128 -0.002851 0.999996
vn 0.003044 -0.003253 0.999990
vn 0.005963 -0.003621 0.999976
vn 0.008449 -0.003949 0.999956
vn 0.010350 -0.004231 0.999938
vn 0.011547 -0.004462 0.999923
vn 0.011962 -0.004638 0.999918
vn 0.011566 -0.004757 0.999922
vn 0.010376 -0.004816 0.999935
vn 0.008457 -0.004814 0.999953
vn 0.005917 -0.004752 0.999971
vn 0.002903 -0.004631 0.999985
vn -0.000411 -0.004452 0.999990
vn -0.003829 -0.004218 0.999984
vn -0.007150 -0.003934 0.999967
vn -0.010174 -0.003604 0.999942
vn -0.012716 -0.003233 0.999914
vn -0.014620 -0.002829 0.999889
vn -0.014026 -0.004174 0.999893
vn -0.011263 -0.003718 0.999930
vn -0.007884 -0.003252 0.999964
vn -0.004064 -0.002785 0.999988
vn 0.000002 -0.002324 0.999997
vn 0.004101 -0.001877 0.999990
vn 0.008019 -0.001452 0.999967
vn 0.011551 -0.001056 0.999933
vn 0.014513 -0.000695 0.999894
vn 0.016752 -0.000376 0.999860
vn 0.018154 -0.000104 0.999835
vn 0.018652 0.000116 0.999826
vn 0.018226 0.000282 0.999834
vn 0.016906 0.000389 0.999857
vn 0.014771 0.000436 0.999891
vn 0.011943 0.000422 0.999929
vn 0.008582 0.000348 0.999963
vn 0.004875 0.000215 0.999988
vn 0.001026 0.000025 1.000000
vn -0.002755 -0.000219 0.999996
vn -0.006263 -0.000513 0.999980
vn -0.009312 -0.000851 0.999956
vn -0.011743 -0.001228 0.999930
vn -0.013433 -0.001638 0.999908
vn -0.014303 -0.002074 0.999896
vn -0.014322 -0.002528 0.999894
vn -0.013507 -0.002992 0.999904
vn -0.011921 -0.003460 0.999923
vn -0.009673 -0.003922 0.999946
vn -0.006908 -0.004372 0.999967
vn -0.003800 -0.004801 0.999981
vn -0.000543 -0.005203 0.999986
vn 0.002664 -0.005570 0.999981
vn 0.005625 -0.005896 0.999967
vn 0.008159 -0.006176 0.999948
vn 0.010113 -0.006406 0.999928
vn 0.011366 -0.006580 0.999914
vn 0.011840 -0.006697 0.999907
vn 0.011506 -0.006754 0.999911
vn 0.010378 -0.006751 0.999923
vn 0.008522 -0.006687 0.999941
vn 0.006043 -0.006563 0.999960
vn 0.003088 -0.006383 0.999975
vn -0.000169 -0.006147 0.999981
vn -0.003535 -0.005862 0.999977
vn -0.006809 -0.005530 0.999961
vn -0.009791 -0.005159 0.999939
vn -0.012299 -0.004754 0.999913
vn -0.014175 -0.004322 0.999890
vn -0.013556 -0.005513 0.999893
vn -0.010782 -0.005047 0.999929
vn -0.007402 -0.004580 0.999962
vn -0.003588 -0.004120 0.999985
vn 0.000463 -0.003674 0.999993
vn 0.004539 -0.003249 0.999985
vn 0.008427 -0.002854 0.999960
vn 0.011922 -0.002494 0.999926
vn 0.014841 -0.002177 0.999887
vn 0.017032 -0.001906 0.999853
vn 0.018381 -0.001687 0.999830
vn 0.018822 -0.001524 0.999822
vn 0.018335 -0.001419 0.999831
vn 0.016953 -0.001374 0.999855
vn 0.014756 -0.001389 0.999890
vn 0.011866 -0.001465 0.999929
vn 0.008444 -0.001600 0.999963
vn 0.004678 -0.001792 0.999987
vn 0.000774 -0.002038 0.999998
vn -0.003058 -0.002333 0.999993
vn -0.006613 -0.002673 0.999975
vn -0.009702 -0.003051 0.999948
vn -0.012166 -0.003462 0.999920
vn -0.013883 -0.003898 0.999896
vn -0.014772 -0.004352 0.999881
vn -0.014802 -0.004817 0.999879
vn -0.013989 -0.005285 0.999888
vn -0.012397 -0.005747 0.999907
vn -0.010136 -0.006196 0.999929
vn -0.007350 -0.006625 0.999951
vn -0.004214 -0.007025 0.999967
vn -0.000921 -0.007391 0.999972
vn 0.002328 -0.007716 0.999968
vn 0.005337 -0.007995 0.999954
vn 0.007924 -0.008222 0.999935
vn 0.009933 -0.008395 0.999915
vn 0.011246 -0.008510 0.999901
vn 0.011782 -0.008565 0.999894
vn 0.011510 -0.008560 0.999897
vn 0.010445 -0.008494 0.999909
vn 0.008650 -0.008368 0.999928
vn 0.006231 -0.008186 0.999947
vn 0.003332 -0.007949 0.999963
vn 0.000126 -0.007662 0.999971
vn -0.003193 -0.007329 0.999968
vn -0.006425 -0.006957 0.999955
vn -0.009373 -0.006551 0.999935
vn -0.011853 -0.006118 0.999911
vn -0.013709 -0.005666 0.999890
vn -0.013075 -0.006642 0.999892
vn -0.010301 -0.006175 0.999928
vn -0.006928 -0.005715 0.999960
vn -0.003128 -0.005269 0.999981
vn 0.000900 -0.004846 0.999988
vn 0.004946 -0.004452 0.999978
vn 0.008797 -0.004093 0.999953
vn 0.012249 -0.003777 0.999918
vn 0.015119 -0.003508 0.999880
vn 0.017256 -0.003291 0.999846
vn 0.018548 -0.003129 0.999823
vn 0.018929 -0.003026 0.999816
vn 0.018381 -0.002983 0.999827
vn 0.016936 -0.003000 0.999852
vn 0.014677 -0.003078 0.999888
vn 0.011726 -0.003215 0.999926
vn 0.008245 -0.003409 0.999960
vn 0.004424 -0.003656 0.999984
vn 0.000468 -0.003953 0.999992
vn -0.003409 -0.004294 0.999985
vn -0.007004 -0.004673 0.999965
vn -0.010126 -0.005085 0.999936
vn -0.012616 -0.005522 0.999905
vn -0.014351 -0.005976 0.999879
vn -0.015251 -0.006441 0.999863
vn -0.015283 -0.006909 0.999859
vn -0.014465 -0.007371 0.999868
vn -0.012860 -0.007819 0.999887
vn -0.010577 -0.008247 0.999910
vn -0.007762 -0.008647 0.999933
vn -0.004591 -0.009011 0.999949
vn -0.001255 -0.009335 0.999956
vn 0.002042 -0.009612 0.999952
vn 0.005103 -0.009838 0.999939
vn 0.007746 -0.010009 0.999920
vn 0.009816 -0.010122 0.999901
vn 0.011190 -0.010175 0.999886
vn 0.011789 -0.010168 0.999879
vn 0.011579 -0.010100 0.999882
vn 0.010575 -0.009973 0.999894
vn 0.008839 -0.009788 0.999913
vn 0.006476 -0.009550 0.999933
vn 0.003629 -0.009261 0.999951
vn 0.000470 -0.008928 0.999960
vn -0.002808 -0.008554 0.999959
vn -0.006006 -0.008147 0.999949
vn -0.008926 -0.007714 0.999930
vn -0.011387 -0.007261 0.999909
vn -0.013230 -0.006797 0.999889
vn -0.012593 -0.007504 0.999893
vn -0.009826 -0.007044 0.999927
vn -0.006468 -0.006600 0.999957
vn -0.002692 -0.006177 0.999977
vn 0.001306 -0.005784 0.999982
vn 0.005315 -0.005427 0.999971
vn 0.009122 -0.005112 0.999945
vn 0.012525 -0.004845 0.999910
vn 0.015342 -0.004629 0.999872
vn 0.017422 -0.004469 0.999838
vn 0.018654 -0.004368 0.999816
vn 0.018973 -0.004326 0.999811
vn 0.018362 -0.004345 0.999822
vn 0.016855 -0.004425 0.999848
vn 0.014534 -0.004564 0.999884
vn 0.011525 -0.004760 0.999922
vn 0.007989 -0.005009 0.999956
vn 0.004117 -0.005307 0.999977
vn 0.000116 -0.005649 0.999984
vn -0.003802 -0.006030 0.999975
vn -0.007429 -0.006443 0.999952
vn -0.010577 -0.006880 0.999920
vn -0.013086 -0.007335 0.999887
vn -0.014831 -0.007800 0.999860
vn -0.015733 -0.008267 0.999842
vn -0.015759 -0.008729 0.999838
vn -0.014927 -0.009177 0.999846
vn -0.013300 -0.009604 0.999865
vn -0.010989 -0.010002 0.999890
vn -0.008138 -0.010366 0.999913
vn -0.004924 -0.010689 0.999931
vn -0.001540 -0.010964 0.999939
vn 0.001809 -0.011188 0.999936
vn 0.004927 -0.011358 0.999923
vn 0.007630 -0.011469 0.999905
vn 0.009761 -0.011520 0.999886
vn 0.011198 -0.011510 0.999871
vn 0.011859 -0.011441 0.999864
vn 0.011711 -0.011312 0.999867
vn 0.010766 -0.011125 0.999880
vn 0.009086 -0.010885 0.999900
vn 0.006775 -0.010595 0.999921
vn 0.003974 -0.010260 0.999939
vn 0.000856 -0.009886 0.999951
vn -0.002388 -0.009478 0.999952
vn -0.005559 -0.009044 0.999944
vn -0.008459 -0.008591 0.999927
vn -0.010908 -0.008126 0.999907
vn -0.012748 -0.007659 0.999889
vn -0.012119 -0.008054 0.999894
vn -0.009367 -0.007610 0.999927
vn -0.006033 -0.007189 0.999956
vn -0.002287 -0.006797 0.999974
vn 0.001674 -0.006441 0.999978
vn 0.005639 -0.006127 0.999965
vn 0.009397 -0.005862 0.999939
vn 0.012747 -0.005648 0.999903
vn 0.015506 -0.005489 0.999865
vn 0.017525 -0.005390 0.999832
vn 0.018696 -0.005350 0.999811
vn 0.018952 -0.005371 0.999806
vn 0.018279 -0.005453 0.999818
vn 0.016711 -0.005594 0.999845
vn 0.014332 -0.005791 0.999881
vn 0.011267 -0.006042 0.999918
vn 0.007681 -0.006342 0.999950
vn 0.003763 -0.006685 0.999971
vn -0.000277 -0.007067 0.999975
vn -0.004228 -0.007481 0.999963
vn -0.007881 -0.007919 0.999938
vn -0.011047 -0.008374 0.999904
vn -0.013565 -0.008839 0.999869
vn -0.015313 -0.009306 0.999839
vn -0.016209 -0.009767 0.999821
vn -0.016221 -0.010215 0.999816
vn -0.015367 -0.010641 0.999825
vn -0.013711 -0.011039 0.999845
vn -0.011363 -0.011401 0.999870
vn -0.008469 -0.011722 0.999895
vn -0.005207 -0.011996 0.999915
vn -0.001771 -0.012219 0.999924
vn 0.001636 -0.012386 0.999922
vn 0.004813 -0.012496 0.999910
vn 0.007578 -0.012545 0.999893
vn 0.009772 -0.012534 0.999874
vn 0.011271 -0.012462 0.999859
vn 0.011993 -0.012331 0.999852
vn 0.011904 -0.012143 0.999855
vn 0.011015 -0.011901 0.999869
vn 0.009386 -0.011610 0.999889
vn 0.007121 -0.011273 0.999911
vn 0.004361 -0.010898 0.999931
vn 0.001277 -0.010489 0.999944
vn -0.001940 -0.010054 0.999948
vn -0.005091 -0.009601 0.999941
vn -0.007980 -0.009136 0.999926
vn -0.010426 -0.008669 0.999908
vn -0.012270 -0.008206 0.999891
vn -0.011661 -0.008260 0.999898
vn -0.008933 -0.007839 0.999929
vn -0.005629 -0.007448 0.999956
vn -0.001920 -0.007094 0.999973
vn 0.001996 -0.006782 0.999975
vn 0.005912 -0.006518 0.999961
vn 0.009617 -0.006305 0.999934
vn 0.012908 -0.006149 0.999898
vn 0.015607 -0.006051 0.999860
vn 0.017565 -0.006013 0.999828
vn 0.018673 -0.006036 0.999807
vn 0.018867 -0.006120 0.999803
vn 0.018133 -0.006262 0.999816
vn 0.016507 -0.006462 0.999843
vn 0.014072 -0.006714 0.999878
vn 0.010957 -0.007015 0.999915
vn 0.007326 -0.007360 0.999946
vn 0.003369 -0.007743 0.999964
vn -0.000705 -0.008158 0.999967
vn -0.004680 -0.008597 0.999952
vn -0.008351 -0.009053 0.999924
vn -0.011527 -0.009518 0.999888
vn -0.014047 -0.009985 0.999851
vn -0.015788 -0.010445 0.999821
vn -0.016670 -0.010892 0.999802
vn -0.016660 -0.011317 0.999797
vn -0.015776 -0.011714 0.999807
vn -0.014084 -0.012075 0.999828
vn -0.011693 -0.012394 0.999855
vn -0.008751 -0.012667 0.999882
vn -0.005436 -0.012888 0.999902
vn -0.001943 -0.013054 0.999913
vn 0.001524 -0.013162 0.999912
vn 0.004763 -0.013209 0.999901
vn 0.007590 -0.013196 0.999884
vn 0.009847 -0.013122 0.999865
vn 0.011407 -0.012989 0.999851
vn 0.012188 -0.012799 0.999844
vn 0.012154 -0.012556 0.999847
vn 0.011317 -0.012263 0.999861
vn 0.009734 -0.011925 0.999882
vn 0.007509 -0.011548 0.999905
vn 0.004783 -0.011139 0.999927
vn 0.001726 -0.010704 0.999941
vn -0.001472 -0.010250 0.999946
vn -0.004612 -0.009785 0.999941
vn -0.007498 -0.009317 0.999928
vn -0.009948 -0.008855 0.999911
vn -0.011806 -0.008405 0.999895
vn -0.011227 -0.008102 0.999904
vn -0.008530 -0.007712 0.999934
vn -0.005264 -0.007359 0.999959
vn -0.001599 -0.007049 0.999974
vn 0.002268 -0.006786 0.999974
vn 0.006130 -0.006576 0.999960
vn 0.009777 -0.006421 0.999932
vn 0.013008 -0.006325 0.999895
vn 0.015645 -0.006289 0.999858
vn 0.017540 -0.006314 0.999826
vn 0.018585 -0.006399 0.999807
vn 0.018719 -0.006544 0.999803
vn 0.017926 -0.006744 0.999817
vn 0.016246 -0.006998 0.999843
vn 0.013761 -0.007301 0.999879
vn 0.010601 -0.007647 0.999915
vn 0.006930 -0.008032 0.999944
vn 0.002941 -0.008447 0.999960
vn -0.001158 -0.008887 0.999960
vn -0.005151 -0.009343 0.999943
vn -0.008831 -0.009809 0.999913
vn -0.012009 -0.010275 0.999875
vn -0.014522 -0.010736 0.999837
vn -0.016248 -0.011182 0.999806
vn -0.017107 -0.011606 0.999786
vn -0.017068 -0.012001 0.999782
vn -0.016147 -0.012361 0.999793
vn -0.014412 -0.012679 0.999816
vn -0.011973 -0.012950 0.999844
vn -0.008978 -0.013170 0.999873
vn -0.005606 -0.013334 0.999895
vn -0.002053 -0.013440 0.999908
vn 0.001475 -0.013486 0.999908
vn 0.004778 -0.013470 0.999898
vn 0.007667 -0.013395 0.999881
vn 0.009984 -0.013260 0.999862
vn 0.011603 -0.013068 0.999847
vn 0.012440 -0.012823 0.999840
vn 0.012457 -0.012528 0.999844
vn 0.011666 -0.012189 0.999858
vn 0.010124 -0.011811 0.999879
vn 0.007933 -0.011401 0.999904
vn 0.005233 -0.010965 0.999926
vn 0.002195 -0.010511 0.999942
vn -0.000992 -0.010046 0.999949
vn -0.004130 -0.009579 0.999946
vn -0.007021 -0.009116 0.999934
vn -0.009485 -0.008667 0.999918
vn -0.011364 -0.008238 0.999902
vn -0.010826 -0.007577 0.999913
vn -0.008166 -0.007225 0.999941
vn -0.004944 -0.006916 0.999964
vn -0.001329 -0.006655 0.999977
vn 0.002484 -0.006447 0.999976
vn 0.006289 -0.006294 0.999960
vn 0.009875 -0.006200 0.999932
vn 0.013044 -0.006166 0.999896
vn 0.015618 -0.006193 0.999859
vn 0.017451 -0.006280 0.999828
vn 0.018436 -0.006426 0.999809
vn 0.018511 -0.006628 0.999807
vn 0.017664 -0.006884 0.999820
vn 0.015933 -0.007188 0.999847
vn 0.013403 -0.007536 0.999882
vn 0.010204 -0.007921 0.999917
vn 0.006501 -0.008337 0.999944
vn 0.002487 -0.008778 0.999958
vn -0.001629 -0.009235 0.999956
vn -0.005632 -0.009701 0.999937
vn -0.009313 -0.010167 0.999905
vn -0.012483 -0.010627 0.999866
vn -0.014982 -0.011072 0.999826
vn -0.016686 -0.011496 0.999795
vn -0.017515 -0.011890 0.999776
vn -0.017438 -0.012248 0.999773
vn -0.016474 -0.012565 0.999785
vn -0.014691 -0.012835 0.999810
vn -0.012198 -0.013052 0.999840
vn -0.009146 -0.013215 0.999871
vn -0.005714 -0.013319 0.999895
vn -0.002099 -0.013363 0.999909
vn 0.001492 -0.013346 0.999910
vn 0.004856 -0.013269 0.999900
vn 0.007807 -0.013132 0.999883
vn 0.010183 -0.012938 0.999864
vn 0.011857 -0.012691 0.999849
vn 0.012745 -0.012395 0.999842
vn 0.012808 -0.012054 0.999845
vn 0.012057 -0.011675 0.999859
vn 0.010548 -0.011264 0.999881
vn 0.008383 -0.010828 0.999906
vn 0.005702 -0.010373 0.999930
vn 0.002674 -0.009908 0.999947
vn -0.000510 -0.009441 0.999955
vn -0.003653 -0.008979 0.999953
vn -0.006558 -0.008530 0.999942
vn -0.009043 -0.008102 0.999926
vn -0.010951 -0.007702 0.999910
vn -0.010463 -0.006698 0.999923
vn -0.007848 -0.006390 0.999949
vn -0.004676 -0.006131 0.999970
vn -0.001115 -0.005924 0.999982
vn 0.002640 -0.005773 0.999980
vn 0.006384 -0.005681 0.999964
vn 0.009909 -0.005649 0.999935
vn 0.013015 -0.005678 0.999899
vn 0.015527 -0.005767 0.999863
vn 0.017300 -0.005915 0.999833
vn 0.018226 -0.006119 0.999815
vn 0.018247 -0.006376 0.999813
vn 0.017350 -0.006681 0.999827
vn 0.015574 -0.007030 0.999854
vn 0.013006 -0.007417 0.999888
vn 0.009774 -0.007834 0.999922
vn 0.006046 -0.008275 0.999948
vn 0.002015 -0.008733 0.999960
vn -0.002110 -0.009199 0.999956
vn -0.006113 -0.009665 0.999935
vn -0.009788 -0.010125 0.999901
vn -0.012943 -0.010570 0.999860
vn -0.015419 -0.010992 0.999821
vn -0.017092 -0.011385 0.999789
vn -0.017884 -0.011742 0.999771
vn -0.017764 -0.012057 0.999770
vn -0.016751 -0.012325 0.999784
vn -0.014914 -0.012541 0.999810
vn -0.012364 -0.012702 0.999843
vn -0.009252 -0.012804 0.999875
vn -0.005758 -0.012846 0.999901
vn -0.002080 -0.012828 0.999916
vn 0.001573 -0.012748 0.999918
vn 0.004998 -0.012610 0.999908
vn 0.008008 -0.012415 0.999891
vn 0.010438 -0.012166 0.999871
vn 0.012164 -0.011868 0.999856
vn 0.013097 -0.011526 0.999848
vn 0.013200 -0.011146 0.999851
vn 0.012482 -0.010733 0.999864
vn 0.010999 -0.010296 0.999887
vn 0.008852 -0.009841 0.999912
vn 0.006182 -0.009376 0.999937
vn 0.003157 -0.008909 0.999955
vn -0.000034 -0.008448 0.999964
vn -0.003190 -0.007999 0.999963
vn -0.006117 -0.007572 0.999953
vn -0.008631 -0.007173 0.999937
vn -0.010575 -0.006810 0.999921
vn -0.010147 -0.005491 0.999933
vn -0.007581 -0.005233 0.999958
vn -0.004463 -0.005028 0.999977
vn -0.000961 -0.004880 0.999988
vn 0.002734 -0.004789 0.999985
vn 0.006416 -0.004759 0.999968
vn 0.009878 -0.004790 0.999940
vn 0.012922 -0.004881 0.999905
vn 0.015374 -0.005031 0.999869
vn 0.017088 -0.005236 0.999840
vn 0.017960 -0.005495 0.999824
vn 0.017931 -0.005802 0.999822
vn 0.016990 -0.006152 0.999837
vn 0.015175 -0.006539 0.999864
vn 0.012575 -0.006957 0.999897
vn 0.009319 -0.007399 0.999929
vn 0.005574 -0.007857 0.999954
vn 0.001534 -0.008324 0.999964
vn -0.002592 -0.008790 0.999958
vn -0.006588 -0.009250 0.999936
vn -0.010246 -0.009694 0.999901
vn -0.013379 -0.010115 0.999859
vn -0.015824 -0.010507 0.999820
vn -0.017460 -0.010863 0.999789
vn -0.018208 -0.011177 0.999772
vn -0.018039 -0.011443 0.999772
vn -0.016973 -0.011657 0.999788
vn -0.015079 -0.011816 0.999817
vn -0.012468 -0.011916 0.999851
vn -0.009294 -0.011956 0.999885
vn -0.005737 -0.011936 0.999912
vn -0.001998 -0.011855 0.999928
vn 0.001716 -0.011715 0.999930
vn 0.005200 -0.011518 0.999920
vn 0.008265 -0.011268 0.999902
vn 0.010747 -0.010968 0.999882
vn 0.012517 -0.010625 0.999865
vn 0.013490 -0.010243 0.999857
vn 0.013626 -0.009830 0.999859
vn 0.012933 -0.009392 0.999872
vn 0.011469 -0.008936 0.999894
vn 0.009332 -0.008471 0.999921
vn 0.006664 -0.008004 0.999946
vn 0.003633 -0.007543 0.999965
vn 0.000428 -0.007096 0.999975
vn -0.002750 -0.006669 0.999974
vn -0.005706 -0.006271 0.999964
vn -0.008257 -0.005909 0.999949
vn -0.010243 -0.005588 0.999932
vn -0.009882 -0.003999 0.999943
vn -0.007371 -0.003796 0.999966
vn -0.004311 -0.003649 0.999984
vn -0.000869 -0.003560 0.999993
vn 0.002764 -0.003532 0.999990
vn 0.006384 -0.003565 0.999973
vn 0.009783 -0.003658 0.999946
vn 0.012767 -0.003809 0.999911
vn 0.015161 -0.004017 0.999877
vn 0.016821 -0.004277 0.999849
vn 0.017643 -0.004585 0.999834
vn 0.017569 -0.004936 0.999833
vn 0.016590 -0.005325 0.999848
vn 0.014744 -0.005744 0.999875
vn 0.012119 -0.006186 0.999907
vn 0.008847 -0.006645 0.999939
vn 0.005093 -0.007111 0.999962
vn 0.001053 -0.007578 0.999971
vn -0.003066 -0.008037 0.999963
vn -0.007046 -0.008481 0.999939
vn -0.010681 -0.008902 0.999903
vn -0.013783 -0.009293 0.999862
vn -0.016190 -0.009647 0.999822
vn -0.017783 -0.009959 0.999792
vn -0.018482 -0.010223 0.999777
vn -0.018259 -0.010436 0.999779
vn -0.017136 -0.010592 0.999797
vn -0.015181 -0.010691 0.999828
vn -0.012509 -0.010729 0.999864
vn -0.009272 -0.010707 0.999900
vn -0.005653 -0.010624 0.999928
vn -0.001852 -0.010482 0.999943
vn 0.001920 -0.010284 0.999945
vn 0.005459 -0.010032 0.999935
vn 0.008574 -0.009731 0.999916
vn 0.011101 -0.009386 0.999894
vn 0.012911 -0.009004 0.999876
vn 0.013917 -0.008589 0.999866
vn 0.014079 -0.008151 0.999868
vn 0.013404 -0.007695 0.999881
vn 0.011949 -0.007229 0.999902
vn 0.009814 -0.006762 0.999929
vn 0.007140 -0.006301 0.999955
vn 0.004094 -0.005854 0.999974
vn 0.000868 -0.005429 0.999985
vn -0.002340 -0.005032 0.999985
vn -0.005333 -0.004671 0.999975
vn -0.007926 -0.004351 0.999959
vn -0.009961 -0.004078 0.999942
vn -0.009673 -0.002275 0.999951
vn -0.007220 -0.002130 0.999972
vn -0.004221 -0.002044 0.999989
vn -0.000841 -0.002018 0.999998
vn 0.002730 -0.002052 0.999994
vn 0.006287 -0.002147 0.999978
vn 0.009626 -0.002300 0.999951
vn 0.012552 -0.002510 0.999918
vn 0.014892 -0.002771 0.999885
vn 0.016502 -0.003081 0.999859
vn 0.017280 -0.003434 0.999845
vn 0.017169 -0.003823 0.999845
vn 0.016157 -0.004243 0.999860
vn 0.014287 -0.004686 0.999887
vn 0.011647 -0.005144 0.999919
vn 0.008366 -0.005611 0.999949
vn 0.004612 -0.006078 0.999971
vn 0.000579 -0.006537 0.999979
vn -0.003523 -0.006980 0.999969
vn -0.007480 -0.007400 0.999945
vn -0.011084 -0.007790 0.999908
vn -0.014148 -0.008143 0.999867
vn -0.016512 -0.008454 0.999828
vn -0.018055 -0.008716 0.999799
vn -0.018700 -0.008927 0.999785
vn -0.018420 -0.009082 0.999789
vn -0.017236 -0.009178 0.999809
vn -0.015219 -0.009215 0.999842
vn -0.012485 -0.009190 0.999880
vn -0.009186 -0.009106 0.999916
vn -0.005506 -0.008962 0.999945
vn -0.001647 -0.008762 0.999960
vn 0.002181 -0.008509 0.999961
vn 0.005770 -0.008206 0.999950
vn 0.008931 -0.007860 0.999929
vn 0.011497 -0.007476 0.999906
vn 0.013339 -0.007061 0.999886
vn 0.014370 -0.006622 0.999875
vn 0.014549 -0.006165 0.999875
vn 0.013884 -0.005700 0.999887
vn 0.012431 -0.005233 0.999909
vn 0.010290 -0.004772 0.999936
vn 0.007601 -0.004326 0.999962
vn 0.004533 -0.003901 0.999982
vn 0.001276 -0.003505 0.999993
vn -0.001968 -0.003145 0.999993
vn -0.005004 -0.002827 0.999984
vn -0.007646 -0.002556 0.999968
vn -0.009734 -0.002336 0.999950
vn -0.009524 -0.000385 0.999955
vn -0.007132 -0.000300 0.999975
vn -0.004195 -0.000276 0.999991
vn -0.000877 -0.000313 1.000000
vn 0.002631 -0.000410 0.999997
vn 0.006128 -0.000565 0.999981
vn 0.009409 -0.000776 0.999955
vn 0.012281 -0.001039 0.999924
vn 0.014571 -0.001350 0.999893
vn 0.016138 -0.001704 0.999868
vn 0.016878 -0.002095 0.999855
vn 0.016735 -0.002515 0.999857
vn 0.015700 -0.002959 0.999872
vn 0.013814 -0.003418 0.999899
vn 0.011165 -0.003884 0.999930
vn 0.007884 -0.004351 0.999959
vn 0.004139 -0.004810 0.999980
vn 0.000122 -0.005252 0.999986
vn -0.003956 -0.005672 0.999976
vn -0.007882 -0.006061 0.999951
vn -0.011449 -0.006413 0.999914
vn -0.014468 -0.006722 0.999873
vn -0.016783 -0.006983 0.999835
vn -0.018271 -0.007192 0.999807
vn -0.018859 -0.007345 0.999795
vn -0.018519 -0.007439 0.999801
vn -0.017273 -0.007473 0.999823
vn -0.015193 -0.007447 0.999857
vn -0.012396 -0.007361 0.999896
vn -0.009037 -0.007215 0.999933
vn -0.005298 -0.007013 0.999961
vn -0.001384 -0.006759 0.999976
vn 0.002493 -0.006455 0.999976
vn 0.006128 -0.006108 0.999963
vn 0.009327 -0.005723 0.999940
vn 0.011926 -0.005307 0.999915
vn 0.013793 -0.004866 0.999893
vn 0.014842 -0.004409 0.999880
vn 0.015030 -0.003943 0.999879
vn 0.014366 -0.003476 0.999891
vn 0.012906 -0.003016 0.999912
vn 0.010750 -0.002570 0.999939
vn 0.008038 -0.002147 0.999965
vn 0.004940 -0.001752 0.999986
vn 0.001647 -0.001393 0.999998
vn -0.001641 -0.001076 0.999998
vn -0.004725 -0.000806 0.999989
vn -0.007420 -0.000588 0.999972
vn -0.009565 -0.000426 0.999954
vn -0.009438 0.001599 0.999954
vn -0.007108 0.001621 0.999973
vn -0.004233 0.001583 0.999990
vn -0.000978 0.001484 0.999998
vn 0.002470 0.001327 0.999996
vn 0.005909 0.001114 0.999982
vn 0.009136 0.000849 0.999958
vn 0.011959 0.000537 0.999928
vn 0.014206 0.000182 0.999899
vn 0.015735 -0.000210 0.999876
vn 0.016444 -0.000631 0.999865
vn 0.016278 -0.001075 0.999867
vn 0.015227 -0.001535 0.999883
vn 0.013333 -0.002001 0.999909
vn 0.010684 -0.002468 0.999940
vn 0.007412 -0.002926 0.999968
vn 0.003682 -0.003368 0.999988
vn -0.000310 -0.003787 0.999993
vn -0.004357 -0.004175 0.999982
vn -0.008245 -0.004526 0.999956
vn -0.011767 -0.004834 0.999919
vn -0.014737 -0.005093 0.999878
vn -0.016997 -0.005300 0.999841
vn -0.018428 -0.005451 0.999815
vn -0.018956 -0.005544 0.999805
vn -0.018553 -0.005576 0.999812
vn -0.017245 -0.005548 0.999836
vn -0.015103 -0.005459 0.999871
vn -0.012245 -0.005312 0.999911
vn -0.008827 -0.005108 0.999948
vn -0.005034 -0.004852 0.999976
vn -0.001070 -0.004547 0.999989
vn 0.002852 -0.004198 0.999987
vn 0.006525 -0.003812 0.999972
vn 0.009757 -0.003395 0.999947
vn 0.012380 -0.002954 0.999919
vn 0.014265 -0.002497 0.999895
vn 0.015322 -0.002031 0.999881
vn 0.015512 -0.001564 0.999879
vn 0.014841 -0.001104 0.999889
vn 0.013366 -0.000659 0.999910
vn 0.011187 -0.000236 0.999937
vn 0.008445 0.000158 0.999964
vn 0.005310 0.000515 0.999986
vn 0.001973 0.000831 0.999998
vn -0.001363 0.001099 0.999998
vn -0.004501 0.001315 0.999989
vn -0.007253 0.001476 0.999973
vn -0.009459 0.001578 0.999954
vn -0.009416 0.003598 0.999949
vn -0.007149 0.003558 0.999968
vn -0.004336 0.003458 0.999985
vn -0.001141 0.003299 0.999994
vn 0.002249 0.003084 0.999993
vn 0.005635 0.002818 0.999980
vn 0.008813 0.002504 0.999958
vn 0.011592 0.002147 0.999931
vn 0.013801 0.001755 0.999903
vn 0.015300 0.001332 0.999882
vn 0.015986 0.000888 0.999872
vn 0.015804 0.000428 0.999875
vn 0.014746 -0.000039 0.999891
vn 0.012852 -0.000505 0.999917
vn 0.010212 -0.000963 0.999947
vn 0.006956 -0.001404 0.999975
vn 0.003251 -0.001822 0.999993
vn -0.000710 -0.002209 0.999997
vn -0.004719 -0.002559 0.999986
vn -0.008562 -0.002865 0.999959
vn -0.012034 -0.003123 0.999923
vn -0.014950 -0.003329 0.999883
vn -0.017152 -0.003478 0.999847
vn -0.018523 -0.003568 0.999822
vn -0.018988 -0.003599 0.999813
vn -0.018523 -0.003568 0.999822
vn -0.017152 -0.003478 0.999847
vn -0.014950 -0.003329 0.999883
vn -0.012034 -0.003123 0.999923
vn -0.008562 -0.002865 0.999959
vn -0.004719 -0.002559 0.999986
vn -0.000710 -0.002209 0.999997
vn 0.003251 -0.001822 0.999993
vn 0.006956 -0.001404 0.999975
vn 0.010212 -0.000963 0.999947
vn 0.012852 -0.000505 0.999917
vn 0.014746 -0.000039 0.999891
vn 0.015804 0.000428 0.999875
vn 0.015986 0.000888 0.999872
vn 0.015300 0.001332 0.999882
vn 0.013801 0.001755 0.999903
vn 0.011592 0.002147 0.999931
vn 0.008813 0.002504 0.999958
vn 0.005635 0.002818 0.999980
vn 0.002249 0.003084 0.999993
vn -0.001141 0.003299 0.999994
vn -0.004336 0.003458 0.999985
vn -0.007149 0.003558 0.999968
vn -0.009416 0.003598 0.999949
vn -0.009459 0.005533 0.999940
vn -0.007253 0.005431 0.999959
vn -0.004501 0.005270 0.999976
vn -0.001363 0.005054 0.999986
vn 0.001973 0.004786 0.999987
vn 0.005310 0.004470 0.999976
vn 0.008445 0.004113 0.999956
vn 0.011187 0.003719 0.999931
vn 0.013366 0.003296 0.999905
vn 0.014841 0.002851 0.999886
vn 0.015512 0.002391 0.999877
vn 0.015322 0.001924 0.999881
vn 0.014265 0.001458 0.999897
vn 0.012380 0.001000 0.999923
vn 0.009757 0.000560 0.999952
vn 0.006526 0.000143 0.999979
vn 0.002852 -0.000243 0.999996
vn -0.001070 -0.000592 0.999999
vn -0.005034 -0.000897 0.999987
vn -0.008828 -0.001153 0.999960
vn -0.012245 -0.001357 0.999924
vn -0.015103 -0.001505 0.999885
vn -0.017245 -0.001593 0.999850
vn -0.018553 -0.001622 0.999827
vn -0.018956 -0.001589 0.999819
vn -0.018429 -0.001497 0.999829
vn -0.016997 -0.001346 0.999855
vn -0.014737 -0.001139 0.999891
vn -0.011767 -0.000879 0.999930
vn -0.008245 -0.000571 0.999966
vn -0.004357 -0.000220 0.999990
vn -0.000310 0.000168 1.000000
vn 0.003682 0.000587 0.999993
vn 0.007412 0.001029 0.999972
vn 0.010684 0.001487 0.999942
vn 0.013333 0.001953 0.999909
vn 0.015227 0.002420 0.999881
vn 0.016278 0.002879 0.999863
vn 0.016444 0.003323 0.999859
vn 0.015735 0.003745 0.999869
vn 0.014206 0.004136 0.999891
vn 0.011959 0.004491 0.999918
vn 0.009136 0.004804 0.999947
vn 0.005909 0.005069 0.999970
vn 0.002470 0.005282 0.999983
vn -0.000978 0.005439 0.999985
vn -0.004233 0.005538 0.999976
vn -0.007108 0.005576 0.999959
vn -0.009438 0.005554 0.999940
vn -0.009565 0.007324 0.999927
vn -0.007420 0.007162 0.999947
vn -0.004725 0.006944 0.999965
vn -0.001641 0.006674 0.999976
vn 0.001647 0.006358 0.999978
vn 0.004940 0.005999 0.999970
vn 0.008038 0.005604 0.999952
vn 0.010750 0.005180 0.999929
vn 0.012906 0.004734 0.999905
vn 0.014366 0.004274 0.999888
vn 0.015030 0.003806 0.999880
vn 0.014842 0.003341 0.999884
vn 0.013793 0.002884 0.999901
vn 0.011926 0.002444 0.999926
vn 0.009327 0.002028 0.999954
vn 0.006128 0.001643 0.999980
vn 0.002493 0.001296 0.999996
vn -0.001384 0.000992 0.999999
vn -0.005298 0.000737 0.999986
vn -0.009037 0.000535 0.999959
vn -0.012397 0.000389 0.999923
vn -0.015194 0.000303 0.999884
vn -0.017273 0.000276 0.999851
vn -0.018519 0.000310 0.999828
vn -0.018860 0.000405 0.999822
vn -0.018272 0.000557 0.999833
vn -0.016783 0.000766 0.999859
vn -0.014468 0.001028 0.999895
vn -0.011449 0.001337 0.999934
vn -0.007882 0.001690 0.999968
vn -0.003956 0.002079 0.999990
vn 0.000122 0.002498 0.999997
vn 0.004139 0.002941 0.999987
vn 0.007885 0.003400 0.999963
vn 0.011165 0.003866 0.999930
vn 0.013814 0.004332 0.999895
vn 0.015700 0.004791 0.999865
vn 0.016735 0.005235 0.999846
vn 0.016878 0.005655 0.999842
vn 0.016138 0.006045 0.999851
vn 0.014571 0.006399 0.999873
vn 0.012281 0.006711 0.999902
vn 0.009409 0.006974 0.999931
vn 0.006127 0.007186 0.999955
vn 0.002631 0.007341 0.999970
vn -0.000877 0.007438 0.999972
vn -0.004195 0.007474 0.999963
vn -0.007132 0.007450 0.999947
vn -0.009524 0.007365 0.999928
vn -0.009733 0.008897 0.999913
vn -0.007645 0.008677 0.999933
vn -0.005004 0.008406 0.999952
vn -0.001968 0.008088 0.999965
vn 0.001276 0.007728 0.999969
vn 0.004533 0.007332 0.999963
vn 0.007601 0.006908 0.999947
vn 0.010290 0.006461 0.999926
vn 0.012431 0.006000 0.999905
vn 0.013884 0.005533 0.999888
vn 0.014549 0.005067 0.999881
vn 0.014371 0.004611 0.999886
vn 0.013340 0.004171 0.999902
vn 0.011497 0.003756 0.999927
vn 0.008931 0.003373 0.999954
vn 0.005770 0.003027 0.999979
vn 0.002181 0.002725 0.999994
vn -0.001647 0.002471 0.999996
vn -0.005506 0.002271 0.999982
vn -0.009186 0.002127 0.999956
vn -0.012485 0.002042 0.999920
vn -0.015220 0.002017 0.999882
vn -0.017237 0.002054 0.999849
vn -0.018421 0.002150 0.999828
vn -0.018701 0.002304 0.999823
vn -0.018055 0.002515 0.999834
vn -0.016512 0.002778 0.999860
vn -0.014149 0.003089 0.999895
vn -0.011085 0.003443 0.999933
vn -0.007480 0.003833 0.999965
vn -0.003523 0.004254 0.999985
vn 0.000579 0.004697 0.999989
vn 0.004612 0.005156 0.999976
vn 0.008366 0.005622 0.999949
vn 0.011646 0.006089 0.999914
vn 0.014287 0.006547 0.999876
vn 0.016157 0.006989 0.999845
vn 0.017168 0.007409 0.999825
vn 0.017280 0.007798 0.999820
vn 0.016502 0.008151 0.999831
vn 0.014891 0.008461 0.999853
vn 0.012552 0.008723 0.999883
vn 0.009625 0.008932 0.999914
vn 0.006286 0.009086 0.999939
vn 0.002729 0.009181 0.999954
vn -0.000841 0.009216 0.999957
vn -0.004220 0.009190 0.999949
vn -0.007220 0.009103 0.999933
vn -0.009673 0.008958 0.999913
vn -0.009961 0.010184 0.999899
vn -0.007926 0.009912 0.999920
vn -0.005333 0.009592 0.999940
vn -0.002340 0.009231 0.999955
vn 0.000868 0.008834 0.999961
vn 0.004094 0.008409 0.999956
vn 0.007140 0.007962 0.999943
vn 0.009814 0.007500 0.999924
vn 0.011949 0.007033 0.999904
vn 0.013404 0.006567 0.999889
vn 0.014079 0.006111 0.999882
vn 0.013918 0.005672 0.999887
vn 0.012912 0.005258 0.999903
vn 0.011102 0.004876 0.999927
vn 0.008575 0.004531 0.999953
vn 0.005459 0.004231 0.999976
vn 0.001920 0.003979 0.999990
vn -0.001852 0.003781 0.999991
vn -0.005653 0.003638 0.999977
vn -0.009273 0.003555 0.999951
vn -0.012510 0.003533 0.999915
vn -0.015182 0.003570 0.999878
vn -0.017137 0.003668 0.999846
vn -0.018260 0.003825 0.999826
vn -0.018483 0.004037 0.999821
vn -0.017783 0.004302 0.999833
vn -0.016191 0.004614 0.999858
vn -0.013783 0.004969 0.999893
vn -0.010682 0.005361 0.999929
vn -0.007046 0.005782 0.999959
vn -0.003066 0.006226 0.999976
vn 0.001053 0.006685 0.999977
vn 0.005093 0.007152 0.999961
vn 0.008847 0.007618 0.999932
vn 0.012119 0.008076 0.999894
vn 0.014743 0.008518 0.999855
vn 0.016589 0.008936 0.999822
vn 0.017569 0.009325 0.999802
vn 0.017643 0.009676 0.999798
vn 0.016820 0.009984 0.999809
vn 0.015160 0.010245 0.999833
vn 0.012766 0.010452 0.999864
vn 0.009783 0.010604 0.999896
vn 0.006383 0.010698 0.999922
vn 0.002764 0.010731 0.999939
vn -0.000868 0.010703 0.999942
vn -0.004310 0.010614 0.999934
vn -0.007370 0.010467 0.999918
vn -0.009881 0.010264 0.999899
vn -0.010243 0.011129 0.999886
vn -0.008256 0.010808 0.999907
vn -0.005706 0.010446 0.999929
vn -0.002750 0.010048 0.999946
vn 0.000428 0.009622 0.999954
vn 0.003633 0.009174 0.999951
vn 0.006664 0.008713 0.999940
vn 0.009332 0.008245 0.999923
vn 0.011469 0.007780 0.999904
vn 0.012934 0.007324 0.999889
vn 0.013626 0.006886 0.999883
vn 0.013491 0.006473 0.999888
vn 0.012518 0.006091 0.999903
vn 0.010747 0.005748 0.999926
vn 0.008265 0.005449 0.999951
vn 0.005201 0.005199 0.999973
vn 0.001716 0.005002 0.999986
vn -0.001998 0.004862 0.999986
vn -0.005738 0.004781 0.999972
vn -0.009295 0.004760 0.999946
vn -0.012469 0.004800 0.999911
vn -0.015079 0.004900 0.999874
vn -0.016974 0.005058 0.999843
vn -0.018040 0.005272 0.999823
vn -0.018209 0.005538 0.999819
vn -0.017460 0.005852 0.999830
vn -0.015824 0.006208 0.999856
vn -0.013379 0.006600 0.999889
vn -0.010247 0.007023 0.999923
vn -0.006588 0.007467 0.999950
vn -0.002592 0.007927 0.999965
vn 0.001534 0.008394 0.999964
vn 0.005574 0.008860 0.999945
vn 0.009319 0.009318 0.999913
vn 0.012575 0.009759 0.999873
vn 0.015175 0.010176 0.999833
vn 0.016989 0.010563 0.999800
vn 0.017930 0.010913 0.999780
vn 0.017960 0.011220 0.999776
vn 0.017087 0.011479 0.999788
vn 0.015373 0.011685 0.999814
vn 0.012922 0.011835 0.999846
vn 0.009877 0.011926 0.999880
vn 0.006416 0.011957 0.999908
vn 0.002734 0.011928 0.999925
vn -0.000960 0.011838 0.999930
vn -0.004463 0.011689 0.999922
vn -0.007581 0.011483 0.999905
vn -0.010146 0.011225 0.999886
vn -0.010575 0.011687 0.999876
vn -0.008631 0.011323 0.999899
vn -0.006117 0.010925 0.999922
vn -0.003190 0.010498 0.999940
vn -0.000034 0.010050 0.999950
vn 0.003157 0.009588 0.999949
vn 0.006182 0.009121 0.999939
vn 0.008852 0.008655 0.999923
vn 0.010999 0.008200 0.999906
vn 0.012482 0.007763 0.999892
vn 0.013201 0.007350 0.999886
vn 0.013098 0.006970 0.999890
vn 0.012164 0.006628 0.999904
vn 0.010439 0.006330 0.999925
vn 0.008008 0.006082 0.999949
vn 0.004998 0.005887 0.999970
vn 0.001573 0.005749 0.999982
vn -0.002081 0.005670 0.999982
vn -0.005758 0.005651 0.999967
vn -0.009253 0.005692 0.999941
vn -0.012365 0.005794 0.999907
vn -0.014915 0.005954 0.999871
vn -0.016752 0.006170 0.999841
vn -0.017765 0.006437 0.999821
vn -0.017885 0.006752 0.999817
vn -0.017092 0.007110 0.999829
vn -0.015419 0.007503 0.999853
vn -0.012943 0.007926 0.999885
vn -0.009788 0.008372 0.999917
vn -0.006113 0.008832 0.999942
vn -0.002110 0.009299 0.999955
vn 0.002015 0.009765 0.999950
vn 0.006046 0.010222 0.999930
vn 0.009774 0.010663 0.999895
vn 0.013005 0.011079 0.999854
vn 0.015573 0.011465 0.999813
vn 0.017349 0.011813 0.999780
vn 0.018246 0.012118 0.999760
vn 0.018225 0.012375 0.999757
vn 0.017299 0.012580 0.999771
vn 0.015526 0.012728 0.999798
vn 0.013014 0.012818 0.999833
vn 0.009908 0.012847 0.999868
vn 0.006384 0.012815 0.999897
vn 0.002640 0.012724 0.999916
vn -0.001115 0.012573 0.999920
vn -0.004675 0.012366 0.999913
vn -0.007848 0.012107 0.999896
vn -0.010463 0.011799 0.999876
vn -0.010950 0.011828 0.999870
vn -0.009043 0.011428 0.999894
vn -0.006558 0.011001 0.999918
vn -0.003653 0.010552 0.999938
vn -0.000510 0.010091 0.999949
vn 0.002674 0.009623 0.999950
vn 0.005702 0.009158 0.999942
vn 0.008383 0.008703 0.999927
vn 0.010548 0.008266 0.999910
vn 0.012057 0.007855 0.999897
vn 0.012809 0.007475 0.999890
vn 0.012746 0.007135 0.999893
vn 0.011858 0.006838 0.999906
vn 0.010184 0.006592 0.999926
vn 0.007808 0.006399 0.999949
vn 0.004857 0.006262 0.999969
vn 0.001492 0.006185 0.999980
vn -0.002099 0.006168 0.999979
vn -0.005714 0.006212 0.999964
vn -0.009147 0.006315 0.999938
vn -0.012199 0.006477 0.999905
vn -0.014691 0.006694 0.999870
vn -0.016475 0.006964 0.999840
vn -0.017439 0.007280 0.999821
vn -0.017515 0.007638 0.999817
vn -0.016686 0.008033 0.999828
vn -0.014982 0.008457 0.999852
vn -0.012484 0.008903 0.999882
vn -0.009313 0.009363 0.999913
vn -0.005632 0.009830 0.999936
vn -0.001629 0.010296 0.999946
vn 0.002487 0.010753 0.999939
vn 0.006501 0.011194 0.999916
vn 0.010204 0.011609 0.999881
vn 0.013403 0.011994 0.999838
vn 0.015932 0.012341 0.999797
vn 0.017663 0.012644 0.999764
vn 0.018510 0.012899 0.999745
vn 0.018435 0.013102 0.999744
vn 0.017450 0.013248 0.999760
vn 0.015617 0.013336 0.999789
vn 0.013043 0.013363 0.999826
vn 0.009874 0.013330 0.999862
vn 0.006288 0.013236 0.999893
vn 0.002484 0.013084 0.999911
vn -0.001329 0.012876 0.999916
vn -0.004944 0.012615 0.999908
vn -0.008166 0.012305 0.999891
vn -0.010825 0.011953 0.999870
vn -0.011363 0.011538 0.999869
vn -0.009484 0.011110 0.999893
vn -0.007021 0.010661 0.999919
vn -0.004130 0.010199 0.999939
vn -0.000992 0.009731 0.999952
vn 0.002195 0.009267 0.999955
vn 0.005233 0.008812 0.999948
vn 0.007933 0.008376 0.999933
vn 0.010124 0.007965 0.999917
vn 0.011666 0.007587 0.999903
vn 0.012458 0.007248 0.999896
vn 0.012441 0.006953 0.999898
vn 0.011604 0.006708 0.999910
vn 0.009985 0.006516 0.999929
vn 0.007668 0.006382 0.999950
vn 0.004778 0.006307 0.999969
vn 0.001476 0.006292 0.999979
vn -0.002053 0.006337 0.999978
vn -0.005606 0.006443 0.999964
vn -0.008979 0.006607 0.999938
vn -0.011974 0.006826 0.999905
vn -0.014413 0.007096 0.999871
vn -0.016148 0.007414 0.999842
vn -0.017068 0.007774 0.999824
vn -0.017108 0.008169 0.999820
vn -0.016249 0.008593 0.999831
vn -0.014522 0.009040 0.999854
vn -0.012009 0.009501 0.999883
vn -0.008831 0.009968 0.999911
vn -0.005151 0.010434 0.999932
vn -0.001158 0.010891 0.999940
vn 0.002941 0.011330 0.999931
vn 0.006930 0.011745 0.999907
vn 0.010600 0.012129 0.999870
vn 0.013760 0.012475 0.999828
vn 0.016245 0.012777 0.999786
vn 0.017925 0.013030 0.999754
vn 0.018717 0.013230 0.999737
vn 0.018584 0.013375 0.999738
vn 0.017539 0.013460 0.999756
vn 0.015644 0.013486 0.999787
vn 0.013007 0.013450 0.999825
vn 0.009776 0.013355 0.999863
vn 0.006130 0.013201 0.999894
vn 0.002268 0.012991 0.999913
vn -0.001599 0.012729 0.999918
vn -0.005263 0.012418 0.999909
vn -0.008529 0.012065 0.999891
vn -0.011227 0.011675 0.999869
vn -0.011806 0.010820 0.999872
vn -0.009948 0.010370 0.999897
vn -0.007498 0.009908 0.999923
vn -0.004612 0.009441 0.999945
vn -0.001472 0.008976 0.999959
vn 0.001726 0.008522 0.999962
vn 0.004784 0.008087 0.999956
vn 0.007510 0.007677 0.999942
vn 0.009734 0.007300 0.999926
vn 0.011317 0.006962 0.999912
vn 0.012155 0.006669 0.999904
vn 0.012189 0.006425 0.999905
vn 0.011407 0.006235 0.999915
vn 0.009847 0.006103 0.999933
vn 0.007591 0.006029 0.999953
vn 0.004763 0.006016 0.999971
vn 0.001524 0.006064 0.999980
vn -0.001943 0.006172 0.999979
vn -0.005436 0.006337 0.999965
vn -0.008752 0.006558 0.999940
vn -0.011693 0.006830 0.999908
vn -0.014084 0.007149 0.999875
vn -0.015776 0.007510 0.999847
vn -0.016660 0.007906 0.999830
vn -0.016670 0.008331 0.999826
vn -0.015788 0.008778 0.999837
vn -0.014047 0.009239 0.999859
vn -0.011527 0.009707 0.999887
vn -0.008351 0.010173 0.999913
vn -0.004680 0.010629 0.999933
vn -0.000705 0.011068 0.999938
vn 0.003369 0.011483 0.999928
vn 0.007325 0.011865 0.999903
vn 0.010957 0.012210 0.999865
vn 0.014072 0.012510 0.999823
vn 0.016506 0.012762 0.999782
vn 0.018131 0.012960 0.999752
vn 0.018865 0.013102 0.999736
vn 0.018671 0.013186 0.999739
vn 0.017564 0.013209 0.999759
vn 0.015606 0.013172 0.999791
vn 0.012908 0.013075 0.999831
vn 0.009616 0.012919 0.999870
vn 0.005912 0.012708 0.999902
vn 0.001996 0.012444 0.999921
vn -0.001920 0.012132 0.999925
vn -0.005628 0.011777 0.999915
vn -0.008932 0.011386 0.999895
vn -0.011661 0.010965 0.999872
vn -0.012270 0.009692 0.999878
vn -0.010426 0.009230 0.999903
vn -0.007980 0.008762 0.999930
vn -0.005091 0.008298 0.999953
vn -0.001940 0.007845 0.999967
vn 0.001277 0.007410 0.999972
vn 0.004361 0.007001 0.999966
vn 0.007121 0.006625 0.999953
vn 0.009387 0.006289 0.999936
vn 0.011015 0.005997 0.999921
vn 0.011905 0.005755 0.999913
vn 0.011994 0.005567 0.999913
vn 0.011271 0.005436 0.999922
vn 0.009772 0.005364 0.999938
vn 0.007579 0.005353 0.999957
vn 0.004814 0.005403 0.999974
vn 0.001636 0.005512 0.999984
vn -0.001771 0.005680 0.999982
vn -0.005207 0.005902 0.999969
vn -0.008470 0.006176 0.999945
vn -0.011363 0.006497 0.999914
vn -0.013711 0.006859 0.999882
vn -0.015367 0.007256 0.999856
vn -0.016221 0.007682 0.999839
vn -0.016209 0.008129 0.999836
vn -0.015313 0.008591 0.999846
vn -0.013565 0.009058 0.999867
vn -0.011047 0.009524 0.999894
vn -0.007880 0.009980 0.999919
vn -0.004228 0.010418 0.999937
vn -0.000277 0.010832 0.999941
vn 0.003763 0.011214 0.999930
vn 0.007680 0.011557 0.999904
vn 0.011267 0.011856 0.999866
vn 0.014331 0.012106 0.999824
vn 0.016710 0.012303 0.999785
vn 0.018277 0.012443 0.999756
vn 0.018950 0.012524 0.999742
vn 0.018694 0.012546 0.999747
vn 0.017524 0.012506 0.999768
vn 0.015505 0.012407 0.999803
vn 0.012746 0.012250 0.999844
vn 0.009397 0.012037 0.999883
vn 0.005639 0.011771 0.999915
vn 0.001674 0.011458 0.999933
vn -0.002287 0.011102 0.999936
vn -0.006032 0.010710 0.999924
vn -0.009367 0.010288 0.999903
vn -0.012119 0.009843 0.999878
vn -0.012748 0.008190 0.999885
vn -0.010908 0.007723 0.999911
vn -0.008459 0.007259 0.999938
vn -0.005559 0.006806 0.999961
vn -0.002388 0.006372 0.999977
vn 0.000856 0.005964 0.999982
vn 0.003974 0.005590 0.999977
vn 0.006775 0.005254 0.999963
vn 0.009086 0.004964 0.999946
vn 0.010767 0.004724 0.999931
vn 0.011712 0.004537 0.999921
vn 0.011860 0.004408 0.999920
vn 0.011199 0.004339 0.999928
vn 0.009762 0.004329 0.999943
vn 0.007631 0.004381 0.999961
vn 0.004927 0.004492 0.999978
vn 0.001809 0.004662 0.999987
vn -0.001541 0.004886 0.999987
vn -0.004924 0.005161 0.999975
vn -0.008138 0.005483 0.999952
vn -0.010989 0.005847 0.999923
vn -0.013301 0.006245 0.999892
vn -0.014927 0.006672 0.999866
vn -0.015760 0.007119 0.999851
vn -0.015733 0.007581 0.999848
vn -0.014831 0.008048 0.999858
vn -0.013085 0.008514 0.999878
vn -0.010577 0.008969 0.999904
vn -0.007429 0.009407 0.999928
vn -0.003801 0.009820 0.999945
vn 0.000116 0.010201 0.999948
vn 0.004117 0.010543 0.999936
vn 0.007989 0.010841 0.999909
vn 0.011524 0.011089 0.999872
vn 0.014533 0.011284 0.999831
vn 0.016854 0.011422 0.999793
vn 0.018361 0.011502 0.999765
vn 0.018972 0.011521 0.999754
vn 0.018653 0.011480 0.999760
vn 0.017421 0.011378 0.999784
vn 0.015341 0.011219 0.999819
vn 0.012525 0.011004 0.999861
vn 0.009122 0.010737 0.999901
vn 0.005315 0.010423 0.999932
vn 0.001306 0.010066 0.999949
vn -0.002692 0.009673 0.999950
vn -0.006468 0.009250 0.999936
vn -0.009826 0.008805 0.999913
vn -0.012593 0.008345 0.999886
vn -0.013230 0.006364 0.999892
vn -0.011387 0.005900 0.999918
vn -0.008926 0.005448 0.999945
vn -0.006006 0.005015 0.999969
vn -0.002808 0.004608 0.999985
vn 0.000470 0.004234 0.999991
vn 0.003629 0.003900 0.999986
vn 0.006476 0.003611 0.999973
vn 0.008840 0.003373 0.999955
vn 0.010576 0.003188 0.999939
vn 0.011580 0.003061 0.999928
vn 0.011789 0.002993 0.999926
vn 0.011190 0.002986 0.999933
vn 0.009816 0.003039 0.999947
vn 0.007746 0.003152 0.999965
vn 0.005103 0.003324 0.999982
vn 0.002042 0.003550 0.999992
vn -0.001255 0.003827 0.999992
vn -0.004591 0.004150 0.999981
vn -0.007763 0.004515 0.999960
vn -0.010577 0.004914 0.999932
vn -0.012860 0.005342 0.999903
vn -0.014465 0.005790 0.999879
vn -0.015284 0.006252 0.999864
vn -0.015251 0.006719 0.999861
vn -0.014351 0.007184 0.999871
vn -0.012616 0.007639 0.999891
vn -0.010126 0.008076 0.999916
vn -0.007003 0.008488 0.999939
vn -0.003409 0.008868 0.999955
vn 0.000468 0.009209 0.999958
vn 0.004424 0.009506 0.999945
vn 0.008245 0.009753 0.999918
vn 0.011725 0.009946 0.999882
vn 0.014676 0.010082 0.999841
vn 0.016936 0.010160 0.999805
vn 0.018380 0.010177 0.999779
vn 0.018928 0.010134 0.999770
vn 0.018548 0.010030 0.999778
vn 0.017255 0.009869 0.999802
vn 0.015118 0.009652 0.999839
vn 0.012248 0.009384 0.999881
vn 0.008797 0.009068 0.999920
vn 0.004946 0.008710 0.999950
vn 0.000900 0.008316 0.999965
vn -0.003128 0.007892 0.999964
vn -0.006927 0.007447 0.999948
vn -0.010301 0.006986 0.999923
vn -0.013075 0.006519 0.999893
vn -0.013709 0.004276 0.999897
vn -0.011853 0.003824 0.999923
vn -0.009373 0.003392 0.999950
vn -0.006425 0.002986 0.999975
vn -0.003193 0.002613 0.999992
vn 0.000126 0.002281 0.999997
vn 0.003332 0.001994 0.999992
vn 0.006231 0.001757 0.999979
vn 0.008650 0.001574 0.999961
vn 0.010445 0.001448 0.999944
vn 0.011511 0.001382 0.999933
vn 0.011783 0.001377 0.999930
vn 0.011246 0.001432 0.999936
vn 0.009934 0.001547 0.999949
vn 0.007924 0.001720 0.999967
vn 0.005337 0.001948 0.999984
vn 0.002328 0.002227 0.999995
vn -0.000921 0.002552 0.999996
vn -0.004214 0.002917 0.999987
vn -0.007350 0.003318 0.999967
vn -0.010136 0.003746 0.999942
vn -0.012397 0.004195 0.999914
vn -0.013989 0.004657 0.999891
vn -0.014802 0.005125 0.999877
vn -0.014772 0.005589 0.999875
vn -0.013882 0.006044 0.999885
vn -0.012166 0.006480 0.999905
vn -0.009702 0.006891 0.999929
vn -0.006613 0.007270 0.999952
vn -0.003058 0.007610 0.999966
vn 0.000774 0.007905 0.999969
vn 0.004678 0.008150 0.999956
vn 0.008444 0.008342 0.999930
vn 0.011866 0.008477 0.999894
vn 0.014755 0.008552 0.999855
vn 0.016953 0.008568 0.999820
vn 0.018335 0.008522 0.999796
vn 0.018821 0.008417 0.999788
vn 0.018380 0.008254 0.999797
vn 0.017031 0.008035 0.999823
vn 0.014840 0.007765 0.999860
vn 0.011922 0.007447 0.999901
vn 0.008427 0.007088 0.999939
vn 0.004539 0.006693 0.999967
vn 0.000463 0.006269 0.999980
vn -0.003588 0.005823 0.999977
vn -0.007402 0.005362 0.999958
vn -0.010782 0.004895 0.999930
vn -0.013556 0.004429 0.999898
vn -0.014175 0.002000 0.999898
vn -0.012299 0.001568 0.999923
vn -0.009791 0.001163 0.999951
vn -0.006809 0.000792 0.999977
vn -0.003536 0.000461 0.999994
vn -0.000169 0.000175 1.000000
vn 0.003088 -0.000060 0.999995
vn 0.006043 -0.000241 0.999982
vn 0.008522 -0.000365 0.999964
vn 0.010378 -0.000429 0.999946
vn 0.011506 -0.000432 0.999934
vn 0.011841 -0.000375 0.999930
vn 0.011366 -0.000258 0.999935
vn 0.010113 -0.000084 0.999949
vn 0.008160 0.000146 0.999967
vn 0.005625 0.000426 0.999984
vn 0.002664 0.000752 0.999996
vn -0.000543 0.001119 0.999999
vn -0.003800 0.001521 0.999992
vn -0.006908 0.001950 0.999974
vn -0.009673 0.002400 0.999950
vn -0.011921 0.002862 0.999925
vn -0.013507 0.003329 0.999903
vn -0.014322 0.003794 0.999890
vn -0.014303 0.004248 0.999889
vn -0.013433 0.004684 0.999899
vn -0.011743 0.005094 0.999918
vn -0.009312 0.005471 0.999942
vn -0.006263 0.005810 0.999964
vn -0.002755 0.006103 0.999978
vn 0.001026 0.006347 0.999979
vn 0.004875 0.006537 0.999967
vn 0.008582 0.006670 0.999941
vn 0.011943 0.006744 0.999906
vn 0.014770 0.006757 0.999868
vn 0.016905 0.006710 0.999835
vn 0.018225 0.006603 0.999812
vn 0.018652 0.006438 0.999805
vn 0.018154 0.006217 0.999816
vn 0.016752 0.005945 0.999842
vn 0.014512 0.005627 0.999879
vn 0.011550 0.005266 0.999919
vn 0.008019 0.004870 0.999956
vn 0.004101 0.004445 0.999982
vn 0.000002 0.003998 0.999992
vn -0.004064 0.003538 0.999986
vn -0.007884 0.003070 0.999964
vn -0.011263 0.002604 0.999933
vn -0.014027 0.002148 0.999899
vn -0.014620 -0.000383 0.999893
vn -0.012716 -0.000787 0.999919
vn -0.010174 -0.001157 0.999948
vn -0.007150 -0.001487 0.999973
vn -0.003829 -0.001771 0.999991
vn -0.000411 -0.002005 0.999998
vn 0.002903 -0.002184 0.999993
vn 0.005917 -0.002305 0.999980
vn 0.008457 -0.002367 0.999961
vn 0.010376 -0.002369 0.999943
vn 0.011566 -0.002310 0.999931
vn 0.011962 -0.002191 0.999926
vn 0.011547 -0.002015 0.999931
vn 0.010350 -0.001784 0.999945
vn 0.008449 -0.001502 0.999963
vn 0.005963 -0.001174 0.999982
vn 0.003044 -0.000806 0.999995
vn -0.000128 -0.000404 1.000000
vn -0.003357 0.000026 0.999994
vn -0.006444 0.000477 0.999979
vn -0.009195 0.000939 0.999957
vn -0.011438 0.001407 0.999934
vn -0.013027 0.001871 0.999913
vn -0.013854 0.002325 0.999901
vn -0.013855 0.002760 0.999900
vn -0.013011 0.003169 0.999910
vn -0.011354 0.003545 0.999929
vn -0.008964 0.003882 0.999952
vn -0.005961 0.004174 0.999974
vn -0.002504 0.004416 0.999987
vn 0.001221 0.004605 0.999989
vn 0.005012 0.004736 0.999976
vn 0.008658 0.004808 0.999951
vn 0.011956 0.004820 0.999917
vn 0.014721 0.004770 0.999880
vn 0.016794 0.004661 0.999848
vn 0.018054 0.004494 0.999827
vn 0.018424 0.004272 0.999821
vn 0.017873 0.003999 0.999832
vn 0.016422 0.003678 0.999858
vn 0.014140 0.003316 0.999894
vn 0.011141 0.002919 0.999934
vn 0.007580 0.002494 0.999968
vn 0.003640 0.002046 0.999991
vn -0.000473 0.001585 0.999999
vn -0.004546 0.001118 0.999989
vn -0.008365 0.000652 0.999965
vn -0.011733 0.000196 0.999931
vn -0.014479 -0.000242 0.999895
vn -0.015036 -0.002786 0.999883
vn -0.013097 -0.003155 0.999909
vn -0.010513 -0.003483 0.999939
vn -0.007442 -0.003766 0.999965
vn -0.004070 -0.003998 0.999984
vn -0.000595 -0.004176 0.999991
vn 0.002778 -0.004295 0.999987
vn 0.005854 -0.004356 0.999973
vn 0.008456 -0.004355 0.999955
vn 0.010438 -0.004294 0.999936
vn 0.011689 -0.004173 0.999923
vn 0.012145 -0.003995 0.999918
vn 0.011786 -0.003762 0.999923
vn 0.010642 -0.003479 0.999937
vn 0.008788 -0.003150 0.999956
vn 0.006343 -0.002781 0.999976
vn 0.003459 -0.002377 0.999991
vn 0.000316 -0.001947 0.999998
vn -0.002892 -0.001496 0.999995
vn -0.005966 -0.001033 0.999982
vn -0.008713 -0.000565 0.999962
vn -0.010960 -0.000101 0.999940
vn -0.012560 0.000352 0.999921
vn -0.013406 0.000786 0.999910
vn -0.013433 0.001194 0.999909
vn -0.012623 0.001569 0.999919
vn -0.011007 0.001905 0.999938
vn -0.008663 0.002195 0.999960
vn -0.005712 0.002436 0.999981
vn -0.002310 0.002623 0.999994
vn 0.001356 0.002752 0.999995
vn 0.005085 0.002823 0.999983
vn 0.008669 0.002832 0.999958
vn 0.011905 0.002781 0.999925
vn 0.014608 0.002670 0.999890
vn 0.016621 0.002501 0.999859
vn 0.017825 0.002277 0.999838
vn 0.018141 0.002002 0.999833
vn 0.017542 0.001680 0.999845
vn 0.016048 0.001317 0.999870
vn 0.013730 0.000919 0.999905
vn 0.010702 0.000493 0.999943
vn 0.007118 0.000045 0.999975
vn 0.003164 -0.000417 0.999995
vn -0.000956 -0.000884 0.999999
vn -0.005026 -0.001349 0.999987
vn -0.008835 -0.001805 0.999959
vn -0.012185 -0.002243 0.999923
vn -0.014905 -0.002655 0.999885
vn -0.015416 -0.005122 0.999868
vn -0.013435 -0.005449 0.999895
vn -0.010804 -0.005730 0.999925
vn -0.007681 -0.005961 0.999953
vn -0.004252 -0.006136 0.999972
vn -0.000718 -0.006254 0.999980
vn 0.002717 -0.006313 0.999976
vn 0.005855 -0.006310 0.999963
vn 0.008520 -0.006247 0.999944
vn 0.010563 -0.006125 0.999925
vn 0.011874 -0.005945 0.999912
vn 0.012386 -0.005710 0.999907
vn 0.012079 -0.005425 0.999912
vn 0.010982 -0.005095 0.999927
vn 0.009170 -0.004725 0.999947
vn 0.006760 -0.004320 0.999968
vn 0.003904 -0.003889 0.999985
vn 0.000781 -0.003438 0.999994
vn -0.002415 -0.002974 0.999993
vn -0.005484 -0.002507 0.999982
vn -0.008234 -0.002043 0.999964
vn -0.010492 -0.001590 0.999944
vn -0.012112 -0.001157 0.999926
vn -0.012986 -0.000750 0.999915
vn -0.013047 -0.000376 0.999915
vn -0.012278 -0.000041 0.999925
vn -0.010708 0.000248 0.999943
vn -0.008416 0.000487 0.999964
vn -0.005520 0.000672 0.999985
vn -0.002178 0.000799 0.999997
vn 0.001427 0.000868 0.999999
vn 0.005094 0.000875 0.999987
vn 0.008615 0.000822 0.999963
vn 0.011789 0.000710 0.999930
vn 0.014433 0.000539 0.999896
vn 0.016390 0.000314 0.999866
vn 0.017540 0.000037 0.999846
vn 0.017808 -0.000286 0.999841
vn 0.017167 -0.000651 0.999852
vn 0.015637 -0.001050 0.999877
vn 0.013289 -0.001477 0.999911
vn 0.010239 -0.001926 0.999946
vn 0.006642 -0.002388 0.999975
vn 0.002682 -0.002855 0.999992
vn -0.001436 -0.003320 0.999993
vn -0.005495 -0.003775 0.999978
vn -0.009286 -0.004212 0.999948
vn -0.012611 -0.004624 0.999910
vn -0.015298 -0.005004 0.999870
f 1/1/1 2/2/2 51/51/51
f 51/51/51 50/50/50 1/1/1
f 2/2/2 3/3/3 52/52/52
f 52/52/52 51/51/51 2/2/2
f 3/3/3 4/4/4 53/53/53
f 53/53/53 52/52/52 3/3/3
f 4/4/4 5/5/5 54/54/54
f 54/54/54 53/53/53 4/4/4
f 5/5/5 6/6/6 55/55/55
f 55/55/55 54/54/54 5/5/5
f 6/6/6 7/7/7 56/56/56
f 56/56/56 55/55/55 6/6/6
f 7/7/7 8/8/8 57/57/57
f 57/57/57 56/56/56 7/7/7
f 8/8/8 9/9/9 58/58/58
f 58/58/58 57/57/57 8/8/8
f 9/9/9 10/10/10 59/59/59
f 59/59/59 58/58/58 9/9/9
f 10/10/10 11/11/11 60/60/60
f 60/60/60 59/59/59 10/10/10
f 11/11/11 12/12/12 61/61/61
f 61/61/61 60/60/60 11/11/11
f 12/12/12 13/13/13 62/62/62
f 62/62/62 61/61/61 12/12/12
f 13/13/13 14/14/14 63/63/63
f 63/63/63 62/62/62 13/13/13
f 14/14/14 15/15/15 64/64/64
f 64/64/64 63/63/63 14/14/14
f 15/15/15 16/16/16 65/65/65
f 65/65/65 64/64/64 15/15/15
f 16/16/16 17/17/17 66/66/66
f 66/66/66 65/65/65 16/16/16
f 17/17/17 18/18/18 67/67/67
f 67/67/67 66/66/66 17/17/17
f 18/18/18 19/19/19 68/68/68
f 68/68/68 67/67/67 18/18/18
f 19/19/19 20/20/20 69/69/69
f 69/69/69 68/68/68 19/19/19
f 20/20/20 21/21/21 70/70/70
f 70/70/70 69/69/69 20/20/20
f 21/21/21 22/22/22 71/71/71
f 71/71/71 70/70/70 21/21/21
f 22/22/22 23/23/23 72/72/72
f 72/72/72 71/71/71 22/22/22
f 23/23/23 24/24/24 73/73/73
f 73/73/73 72/72/72 23/23/23
f 24/24/24 25/25/25 74/74/74
f 74/74/74 73/73/73 24/24/24
f 25/25/25 26/26/26 75/75/75
f 75/75/75 74/74/74 25/25/25
f 26/26/26 27/27/27 76/76/76
f 76/76/76 75/75/75 26/26/26
f 27/27/27 28/28/28 77/77/77
f 77/77/77 76/76/76 27/27/27
f 28/28/28 29/29/29 78/78/78
f 78/78/78 77/77/77 28/28/28
f 29/29/29 30/30/30 79/79/79
f 79/79/79 78/78/78 29/29/29
f 30/30/30 31/31/31 80/80/80
f 80/80/80 79/79/79 30/30/30
f 31/31/31 32/32/32 81/81/81
f 81/81/81 80/80/80 31/31/31
f 32/32/32 33/33/33 82/82/82
f 82/82/82 81/81/81 32/32/32
f 33/33/33 34/34/34 83/83/83
f 83/83/83 82/82/82 33/33/33
f 34/34/34 35/35/35 84/84/84
f 84/84/84 83/83/83 34/34/34
f 35/35/35 36/36/36 85/85/85
f 85/85/85 84/84/84 35/35/35
f 36/36/36 37/37/37 86/86/86
f 86/86/86 85/85/85 36/36/36
f 37/37/37 38/38/38 87/87/87
f 87/87/87 86/86/86 37/37/37
f 38/38/38 39/39/39 88/88/88
f 88/88/88 87/87/87 38/38/38
f 39/39/39 40/40/40 89/89/89
f 89/89/89 88/88/88 39/39/39
f 40/40/40 41/41/41 90/90/90
f 90/90/90 89/89/89 40/40/40
f 41/41/41 42/42/42 91/91/91
f 91/91/91 90/90/90 41/41/41
f 42/42/42 43/43/43 92/92/92
f 92/92/92 91/91/91 42/42/42
f 43/43/43 44/44/44 93/93/93
f 93/93/93 92/92/92 43/43/43
f 44/44/44 45/45/45 94/94/94
f 94/94/94 93/93/93 44/44/44
f 45/45/45 46/46/46 95/95/95
f 95/95/95 94/94/94 45/45/45
f 46/46/46 47/47/47 96/96/96
f 96/96/96 95/95/95 46/46/46
f 47/47/47 48/48/48 97/97/97
f 97/97/97 96/96/96 47/47/47
f 48/48/48 49/49/49 98/98/98
f 98/98/98 97/97/97 48/48/48
f 50/50/50 51/51/51 100/100/100
f 100/100/100 99/99/99 50/50/50
f 51/51/51 52/52/52 101/101/101
f 101/101/101 100/100/100 51/51/51
f 52/52/52 53/53/53 102/102/102
f 102/102/102 101/101/101 52/52/52
f 53/53/53 54/54/54 103/103/103
f 103/103/103 102/102/102 53/53/53
f 54/54/54 55/55/55 104/104/104
f 104/104/104 103/103/103 54/54/54
f 55/55/55 56/56/56 105/105/105
f 105/105/105 104/104/104 55/55/55
f 56/56/56 57/57/57 106/106/106
f 106/106/106 105/105/105 56/56/56
f 57/57/57 58/58/58 107/107/107
f 107/107/107 106/106/106 57/57/57
f 58/58/58 59/59/59 108/108/108
f 108/108/108 107/107/107 58/58/58
f 59/59/59 60/60/60 109/109/109
f 109/109/109 108/108/108 59/59/59
f 60/60/60 61/61/61 110/110/110
f 110/110/110 109/109/109 60/60/60
f 61/61/61 62/62/62 111/111/111
f 111/111/111 110/110/110 61/61/61
f 62/62/62 63/63/63 112/112/112
f 112/112/112 111/111/111 62/62/62
f 63/63/63 64/64/64 113/113/113
f 113/113/113 112/112/112 63/63/63
f 64/64/64 65/65/65 114/114/114
f 114/114/114 113/113/113 64/64/64
f 65/65/65 66/66/66 115/115/115
f 115/115/115 114/114/114 65/65/65
f 66/66/66 67/67/67 116/116/116
f 116/116/116 115/115/115 66/66/66
f 67/67/67 68/68/68 117/117/117
f 117/117/117 116/116/116 67/67/67
f 68/68/68 69/69/69 118/118/118
f 118/118/118 117/117/117 68/68/68
f 69/69/69 70/70/70 119/119/119
f 119/119/119 118/118/118 69/69/69
f 70/70/70 71/71/71 120/120/120
f 120/120/120 119/119/119 70/70/70
f 71/71/71 72/72/72 121/121/121
f 121/121/121 120/120/120 71/71/71
f 72/72/72 73/73/73 122/122/122
f 122/122/122 121/121/121 72/72/72
f 73/73/73 74/74/74 123/123/123
f 123/123/123 122/122/122 73/73/73
f 74/74/74 75/75/75 124/124/124
f 124/124/124 123/123/123 74/74/74
f 75/75/75 76/76/76 125/125/125
f 125/125/125 124/124/124 75/75/75
f 76/76/76 77/77/77 126/126/126
f 126/126/126 125/125/125 76/76/76
f 77/77/77 78/78/78 127/127/127
f 127/127/127 126/126/126 77/77/77
f 78/78/78 79/79/79 128/128/128
f 128/128/128 127/127/127 78/78/78
f 79/79/79 80/80/80 129/129/129
f 129/129/129 128/128/128 79/79/79
f 80/80/80 81/81/81 130/130/130
f 130/130/130 129/129/129 80/80/80
f 81/81/81 82/82/82 131/131/131
f 131/131/131 130/130/130 81/81/81
f 82/82/82 83/83/83 132/132/132
f 132/132/132 131/131/131 82/82/82
f 83/83/83 84/84/84 133/133/133
f 133/133/133 132/132/132 83/83/83
f 84/84/84 85/85/85 134/134/134
f 134/134/134 133/133/133 84/84/84
f 85/85/85 86/86/86 135/135/135
f 135/135/135 134/134/134 85/85/85
f 86/86/86 87/87/87 136/136/136
f 136/136/136 135/135/135 86/86/86
f 87/87/87 88/88/88 137/137/137
f 137/137/137 136/136/136 87/87/87
f 88/88/88 89/89/89 138/138/138
f 138/138/138 137/137/137 88/88/88
f 89/89/89 90/90/90 139/139/139
f 139/139/139 138/138/138 89/89/89
f 90/90/90 91/91/91 140/140/140
f 140/140/140 139/139/139 90/90/90
f 91/91/91 92/92/92 141/141/141
f 141/141/141 140/140/140 91/91/91
f 92/92/92 93/93/93 142/142/142
f 142/142/142 141/141/141 92/92/92
f 93/93/93 94/94/94 143/143/143
f 143/143/143 142/142/142 93/93/93
f 94/94/94 95/95/95 144/144/144
f 144/144/144 143/143/143 94/94/94
f 95/95/95 96/96/96 145/145/145
f 145/145/145 144/144/144 95/95/95
f 96/96/96 97/97/97 146/146/146
f 146/146/146 145/145/145 96/96/96
f 97/97/97 98/98/98 147/147/147
f 147/147/147 146/146/146 97/97/97
f 99/99/99 100/100/100 149/149/149
f 149/149/149 148/148/148 99/99/99
f 100/100/100 101/101/101 150/150/150
f 150/150/150 149/149/149 100/100/100
f 101/101/101 102/102/102 151/151/151
f 151/151/151 150/150/150 101/101/101
f 102/102/102 103/103/103 152/152/152
f 152/152/152 151/151/151 102/102/102
f 103/103/103 104/104/104 153/153/153
f 153/153/153 152/152/152 103/103/103
f 104/104/104 105/105/105 154/154/154
f 154/154/154 153/153/153 104/104/104
f 105/105/105 106/106/106 155/155/155
f 155/155/155 154/154/154 105/105/105
f 106/106/106 107/107/107 156/156/156
f 156/156/156 155/155/155 106/106/106
f 107/107/107 108/108/108 157/157/157
f 157/157/157 156/156/156 107/107/107
f 108/108/108 109/109/109 158/158/158
f 158/158/158 157/157/157 108/108/108
f 109/109/109 110/110/110 159/159/159
f 159/159/159 158/158/158 109/109/109
f 110/110/110 111/111/111 160/160/160
f 160/160/160 159/159/159 110/110/110
f 111/111/111 112/112/112 161/161/161
f 161/161/161 160/160/160 111/111/111
f 112/112/112 113/113/113 162/162/162
f 162/162/162 161/161/161 112/112/112
f 113/113/113 114/114/114 163/163/163
f 163/163/163 162/162/162 113/113/113
f 114/114/114 115/115/115 164/164/164
f 164/164/164 163/163/163 114/114/114
f 115/115/115 116/116/116 165/165/165
f 165/165/165 164/164/164 115/115/115
f 116/116/116 117/117/117 166/166/166
f 166/166/166 165/165/165 116/116/116
f 117/117/117 118/118/118 167/167/167
f 167/167/167 166/166/166 117/117/117
f 118/118/118 119/119/119 168/168/168
f 168/168/168 167/167/167 118/118/118
f 119/119/119 120/120/120 169/169/169
f 169/169/169 168/168/168 119/119/119
f 120/120/120 121/121/121 170/170/170
f 170/170/170 169/169/169 120/120/120
f 121/121/121 122/122/122 171/171/171
f 171/171/171 170/170/170 121/121/121
f 122/122/122 123/123/123 172/172/172
f 172/172/172 171/171/171 122/122/122
f 123/123/123 124/124/124 173/173/173
f 173/173/173 172/172/172 123/123/123
f 124/124/124 125/125/125 174/174/174
f 174/174/174 173/173/173 124/124/124
f 125/125/125 126/126/126 175/175/175
f 175/175/175 174/174/174 125/125/125
f 126/126/126 127/127/127 176/176/176
f 176/176/176 175/175/175 126/126/126
f 127/127/127 128/128/128 177/177/177
f 177/177/177 176/176/176 127/127/127
f 128/128/128 129/129/129 178/178/178
f 178/178/178 177/177/177 128/128/128
f 129/129/129 130/130/130 179/179/179
f 179/179/179 178/178/178 129/129/129
f 130/130/130 131/131/131 180/180/180
f 180/180/180 179/179/179 130/130/130
f 131/131/131 132/132/132 181/181/181
f 181/181/181 180/180/180 131/131/131
f 132/132/132 133/133/133 182/182/182
f 182/182/182 181/181/181 132/132/132
f 133/133/133 134/134/134 183/183/183
f 183/183/183 182/182/182 133/133/133
f 134/134/134 135/135/135 184/184/184
f 184/184/184 183/183/183 134/134/134
f 135/135/135 136/136/136 185/185/185
f 185/185/185 184/184/184 135/135/135
f 136/136/136 137/137/137 186/186/186
f 186/186/186 185/185/185 136/136/136
f 137/137/137 138/138/138 187/187/187
f 187/187/187 186/186/186 137/137/137
f 138/138/138 139/139/139 188/188/188
f 188/188/188 187/187/187 138/138/138
f 139/139/139 140/140/140 189/189/189
f 189/189/189 188/188/188 139/139/139
f 140/140/140 141/141/141 190/190/190
f 190/190/190 189/189/189 140/140/140
f 141/141/141 142/142/142 191/191/191
f 191/191/191 190/190/190 141/141/141
f 142/142/142 143/143/143 192/192/192
f 192/192/192 191/191/191 142/142/142
f 143/143/143 144/144/144 193/193/193
f 193/193/193 192/192/192 143/143/143
f 144/144/144 145/145/145 194/194/194
f 194/194/194 193/193/193 144/144/144
f 145/145/145 146/146/146 195/195/195
f 195/195/195 194/194/194 145/145/145
f 146/146/146 147/147/147 196/196/196
f 196/196/196 195/195/195 146/146/146
f 148/148/148 149/149/149 198/198/198
f 198/198/198 197/197/197 148/148/148
f 149/149/149 150/150/150 199/199/199
f 199/199/199 198/198/198 149/149/149
f 150/150/150 151/151/151 200/200/200
f 200/200/200 199/199/199 150/150/150
f 151/151/151 152/152/152 201/201/201
f 201/201/201 200/200/200 151/151/151
f 152/152/152 153/153/153 202/202/202
f 202/202/202 201/201/201 152/152/152
f 153/153/153 154/154/154 203/203/203
f 203/203/203 202/202/202 153/153/153
f 154/154/154 155/155/155 204/204/204
f 204/204/204 203/203/203 154/154/154
f 155/155/155 156/156/156 205/205/205
f 205/205/205 204/204/204 155/155/155
f 156/156/156 157/157/157 206/206/206
f 206/206/206 205/205/205 156/156/156
f 157/157/157 158/158/158 207/207/207
f 207/207/207 206/206/206 157/157/157
f 158/158/158 159/159/159 208/208/208
f 208/208/208 207/207/207 158/158/158
f 159/159/159 160/160/160 209/209/209
f 209/209/209 208/208/208 159/159/159
f 160/160/160 161/161/161 210/210/210
f 210/210/210 209/209/209 160/160/160
f 161/161/161 162/162/162 211/211/211
f 211/211/211 210/210/210 161/161/161
f 162/162/162 163/163/163 212/212/212
f 212/212/212 211/211/211 162/162/162
f 163/163/163 164/164/164 213/213/213
f 213/213/213 212/212/212 163/163/163
f 164/164/164 165/165/165 214/214/214
f 214/214/214 213/213/213 164/164/164
f 165/165/165 166/166/166 215/215/215
f 215/215/215 214/214/214 165/165/165
f 166/166/166 167/167/167 216/216/216
f 216/216/216 215/215/215 166/166/166
f 167/167/167 168/168/168 217/217/217
f 217/217/217 216/216/216 167/167/167
f 168/168/168 169/169/169 218/218/218
f 218/218/218 217/217/217 168/168/168
f 169/169/169 170/170/170 219/219/219
f 219/219/219 218/218/218 169/169/169
f 170/170/170 171/171/171 220/220/220
f 220/220/220 219/219/219 170/170/170
f 171/171/171 172/172/172 221/221/221
f 221/221/221 220/220/220 171/171/171
f 172/172/172 173/173/173 222/222/222
f 222/222/222 221/221/221 172/172/172
f 173/173/173 174/174/174 223/223/223
f 223/223/223 222/222/222 173/173/173
f 174/174/174 175/175/175 224/224/224
f 224/224/224 223/223/223 174/174/174
f 175/175/175 176/176/176 225/225/225
f 225/225/225 224/224/224 175/175/175
f 176/176/176 177/177/177 226/226/226
f 226/226/226 225/225/225 176/176/176
f 177/177/177 178/178/178 227/227/227
f 227/227/227 226/226/226 177/177/177
f 178/178/178 179/179/179 228/228/228
f 228/228/228 227/227/227 178/178/178
f 179/179/179 180/180/180 229/229/229
f 229/229/229 228/228/228 179/179/179
f 180/180/180 181/181/181 230/230/230
f 230/230/230 229/229/229 180/180/180
f 181/181/181 182/182/182 231/231/231
f 231/231/231 230/230/230 181/181/181
f 182/182/182 183/183/183 232/232/232
f 232/232/232 231/231/231 182/182/182
f 183/183/183 184/184/184 233/233/233
f 233/233/233 232/232/232 183/183/183
f 184/184/184 185/185/185 234/234/234
f 234/234/234 233/233/233 184/184/184
f 185/185/185 186/186/186 235/235/235
f 235/235/235 234/234/234 185/185/185
f 186/186/186 187/187/187 236/236/236
f 236/236/236 235/235/235 186/186/186
f 187/187/187 188/188/188 237/237/237
f 237/237/237 236/236/236 187/187/187
f 188/188/188 189/189/189 238/238/238
f 238/238/238 237/237/237 188/188/188
f 189/189/189 190/190/190 239/239/239
f 239/239/239 238/238/238 189/189/189
f 190/190/190 191/191/191 240/240/240
f 240/240/240 239/239/239 190/190/190
f 191/191/191 192/192/192 241/241/241
f 241/241/241 240/240/240 191/191/191
f 192/192/192 193/193/193 242/242/242
f 242/242/242 241/241/241 192/192/192
f 193/193/193 194/194/194 243/243/243
f 243/243/243 242/242/242 193/193/193
f 194/194/194 195/195/195 244/244/244
f 244/244/244 243/243/243 194/194/194
f 195/195/195 196/196/196 245/245/245
f 245/245/245 244/244/244 195/195/195
f 197/197/197 198/198/198 247/247/247
f 247/247/247 246/246/246 197/197/197
f 198/198/198 199/199/199 248/248/248
f 248/248/248 247/247/247 198/198/198
f 199/199/199 200/200/200 249/249/249
f 249/249/249 248/248/248 199/199/199
f 200/200/200 201/201/201 250/250/250
f 250/250/250 249/249/249 200/200/200
f 201/201/201 202/202/202 251/251/251
f 251/251/251 250/250/250 201/201/201
f 202/202/202 203/203/203 252/252/252
f 252/252/252 251/251/251 202/202/202
f 203/203/203 204/204/204 253/253/253
f 253/253/253 252/252/252 203/203/203
f 204/204/204 205/205/205 254/254/254
f 254/254/254 253/253/253 204/204/204
f 205/205/205 206/206/206 255/255/255
f 255/255/255 254/254/254 205/205/205
f 206/206/206 207/207/207 256/256/256
f 256/256/256 255/255/255 206/206/206
f 207/207/207 208/208/208 257/257/257
f 257/257/257 256/256/256 207/207/207
f 208/208/208 209/209/209 258/258/258
f 258/258/258 257/257/257 208/208/208
f 209/209/209 210/210/210 259/259/259
f 259/259/259 258/258/258 209/209/209
f 210/210/210 211/211/211 260/260/260
f 260/260/260 259/259/259 210/210/210
f 211/211/211 212/212/212 261/261/261
f 261/261/261 260/260/260 211/211/211
f 212/212/212 213/213/213 262/262/262
f 262/262/262 261/261/261 212/212/212
f 213/213/213 214/214/214 263/263/263
f 263/263/263 262/262/262 213/213/213
f 214/214/214 215/215/215 264/264/264
f 264/264/264 263/263/263 214/214/214
f 215/215/215 216/216/216 265/265/265
f 265/265/265 264/264/264 215/215/215
f 216/216/216 217/217/217 266/266/266
f 266/266/266 265/265/265 216/216/216
f 217/217/217 218/218/218 267/267/267
f 267/267/267 266/266/266 217/217/217
f 218/218/218 219/219/219 268/268/268
f 268/268/268 267/267/267 218/218/218
f 219/219/219 220/220/220 269/269/269
f 269/269/269 268/268/268 219/219/219
f 220/220/220 221/221/221 270/270/270
f 270/270/270 269/269/269 220/220/220
f 221/221/221 222/222/222 271/271/271
f 271/271/271 270/270/270 221/221/221
f 222/222/222 223/223/223 272/272/272
f 272/272/272 271/271/271 222/222/222
f 223/223/223 224/224/224 273/273/273
f 273/273/273 272/272/272 223/223/223
f 224/224/224 225/225/225 274/274/274
f 274/274/274 273/273/273 224/224/224
f 225/225/225 226/226/226 275/275/275
f 275/275/275 274/274/274 225/225/225
f 226/226/226 227/227/227 276/276/276
f 276/276/276 275/275/275 226/226/226
f 227/227/227 228/228/228 277/277/277
f 277/277/277 276/276/276 227/227/227
f 228/228/228 229/229/229 278/278/278
f 278/278/278 277/277/277 228/228/228
f 229/229/229 230/230/230 279/279/279
f 279/279/279 278/278/278 229/229/229
f 230/230/230 231/231/231 280/280/280
f 280/280/280 279/279/279 230/230/230
f 231/231/231 232/232/232 281/281/281
f 281/281/281 280/280/280 231/231/231
f 232/232/232 233/233/233 282/282/282
f 282/282/282 281/281/281 232/232/232
f 233/233/233 234/234/234 283/283/283
f 283/283/283 282/282/282 233/233/233
f 234/234/234 235/235/235 284/284/284
f 284/284/284 283/283/283 234/234/234
f 235/235/235 236/236/236 285/285/285
f 285/285/285 284/284/284 235/235/235
f 236/236/236 237/237/237 286/286/286
f 286/286/286 285/285/285 236/236/236
f 237/237/237 238/238/238 287/287/287
f 287/287/287 286/286/286 237/237/237
f 238/238/238 239/239/239 288/288/288
f 288/288/288 287/287/287 238/238/238
f 239/239/239 240/240/240 289/289/289
f 289/289/289 288/288/288 239/239/239
f 240/240/240 241/241/241 290/290/290
f 290/290/290 289/289/289 240/240/240
f 241/241/241 242/242/242 291/291/291
f 291/291/291 290/290/290 241/241/241
f 242/242/242 243/243/243 292/292/292
f 292/292/292 291/291/291 242/242/242
f 243/243/243 244/244/244 293/293/293
f 293/293/293 292/292/292 243/243/243
f 244/244/244 245/245/245 294/294/294
f 294/294/294 293/293/293 244/244/244
f 246/246/246 247/247/247 296/296/296
f 296/296/296 295/295/295 246/246/246
f 247/247/247 248/248/248 297/297/297
f 297/297/297 296/296/296 247/247/247
f 248/248/248 249/249/249 298/298/298
f 298/298/298 297/297/297 248/248/248
f 249/249/249 250/250/250 299/299/299
f 299/299/299 298/298/298 249/249/249
f 250/250/250 251/251/251 300/300/300
f 300/300/300 299/299/299 250/250/250
f 251/251/251 252/252/252 301/301/301
f 301/301/301 300/300/300 251/251/251
f 252/252/252 253/253/253 302/302/302
f 302/302/302 301/301/301 252/252/252
f 253/253/253 254/254/254 303/303/303
f 303/303/303 302/302/302 253/253/253
f 254/254/254 255/255/255 304/304/304
f 304/304/304 303/303/303 254/254/254
f 255/255/255 256/256/256 305/305/305
f 305/305/305 304/304/304 255/255/255
f 256/256/256 257/257/257 306/306/306
f 306/306/306 305/305/305 256/256/256
f 257/257/257 258/258/258 307/307/307
f 307/307/307 306/306/306 257/257/257
f 258/258/258 259/259/259 308/308/308
f 308/308/308 307/307/307 258/258/258
f 259/259/259 260/260/260 309/309/309
f 309/309/309 308/308/308 259/259/259
f 260/260/260 261/261/261 310/310/310
f 310/310/310 309/309/309 260/260/260
f 261/261/261 262/262/262 311/311/311
f 311/311/311 310/310/310 261/261/261
f 262/262/262 263/263/263 312/312/312
f 312/312/312 311/311/311 262/262/262
f 263/263/263 264/264/264 313/313/313
f 313/313/313 312/312/312 263/263/263
f 264/264/264 265/265/265 314/314/314
f 314/314/314 313/313/313 264/264/264
f 265/265/265 266/266/266 315/315/315
f 315/315/315 314/314/314 265/265/265
f 266/266/266 267/267/267 316/316/316
f 316/316/316 315/315/315 266/266/266
f 267/267/267 268/268/268 317/317/317
f 317/317/317 316/316/316 267/267/267
f 268/268/268 269/269/269 318/318/318
f 318/318/318 317/317/317 268/268/268
f 269/269/269 270/270/270 319/319/319
f 319/319/319 318/318/318 269/269/269
f 270/270/270 271/271/271 320/320/320
f 320/320/320 319/319/319 270/270/270
f 271/271/271 272/272/272 321/321/321
f 321/321/321 320/320/320 271/271/271
f 272/272/272 273/273/273 322/322/322
f 322/322/322 321/321/321 272/272/272
f 273/273/273 274/274/274 323/323/323
f 323/323/323 322/322/322 273/273/273
f 274/274/274 275/275/275 324/324/324
f 324/324/324 323/323/323 274/274/274
f 275/275/275 276/276/276 325/325/325
f 325/325/325 324/324/324 275/275/275
f 276/276/276 277/277/277 326/326/326
f 326/326/326 325/325/325 276/276/276
f 277/277/277 278/278/278 327/327/327
f 327/327/327 326/326/326 277/277/277
f 278/278/278 279/279/279 328/328/328
f 328/328/328 327/327/327 278/278/278
f 279/279/279 280/280/280 329/329/329
f 329/329/329 328/328/328 279/279/279
f 280/280/280 281/281/281 330/330/330
f 330/330/330 329/329/329 280/280/280
f 281/281/281 282/282/282 331/331/331
f 331/331/331 330/330/330 281/281/281
f 282/282/282 283/283/283 332/332/332
f 332/332/332 331/331/331 282/282/282
f 283/283/283 284/284/284 333/333/333
f 333/333/333 332/332/332 283/283/283
f 284/284/284 285/285/285 334/334/334
f 334/334/334 333/333/333 284/284/284
f 285/285/285 286/286/286 335/335/335
f 335/335/335 334/334/334 285/285/285
f 286/286/286 287/287/287 336/336/336
f 336/336/336 335/335/335 286/286/286
f 287/287/287 288/288/288 337/337/337
f 337/337/337 336/336/336 287/287/287
f 288/288/288 289/289/289 338/338/338
f 338/338/338 337/337/337 288/288/288
f 289/289/289 290/290/290 339/339/339
f 339/339/339 338/338/338 289/289/289
f 290/290/290 291/291/291 340/340/340
f 340/340/340 339/339/339 290/290/290
f 291/291/291 292/292/292 341/341/341
f 341/341/341 340/340/340 291/291/291
f 292/292/292 293/293/293 342/342/342
f 342/342/342 341/341/341 292/292/292
f 293/293/293 294/294/294 343/343/343
f 343/343/343 342/342/342 293/293/293
f 295/295/295 296/296/296 345/345/345
f 345/345/345 344/344/344 295/295/295
f 296/296/296 297/297/297 346/346/346
f 346/346/346 345/345/345 296/296/296
f 297/297/297 298/298/298 347/347/347
f 347/347/347 346/346/346 297/297/297
f 298/298/298 299/299/299 348/348/348
f 348/348/348 347/347/347 298/298/298
f 299/299/299 300/300/300 349/349/349
f 349/349/349 348/348/348 299/299/299
f 300/300/300 301/301/301 350/350/350
f 350/350/350 349/349/349 300/300/300
f 301/301/301 302/302/302 351/351/351
f 351/351/351 350/350/350 301/301/301
f 302/302/302 303/303/303 352/352/352
f 352/352/352 351/351/351 302/302/302
f 303/303/303 304/304/304 353/353/353
f 353/353/353 352/352/352 303/303/303
f 304/304/304 305/305/305 354/354/354
f 354/354/354 353/353/353 304/304/304
f 305/305/305 306/306/306 355/355/355
f 355/355/355 354/354/354 305/305/305
f 306/306/306 307/307/307 356/356/356
f 356/356/356 355/355/355 306/306/306
f 307/307/307 308/308/308 357/357/357
f 357/357/357 356/356/356 307/307/307
f 308/308/308 309/309/309 358/358/358
f 358/358/358 357/357/357 308/308/308
f 309/309/309 310/310/310 359/359/359
f 359/359/359 358/358/358 309/309/309
f 310/310/310 311/311/311 360/360/360
f 360/360/360 359/359/359 310/310/310
f 311/311/311 312/312/312 361/361/361
f 361/361/361 360/360/360 311/311/311
f 312/312/312 313/313/313 362/362/362
f 362/362/362 361/361/361 312/312/312
f 313/313/313 314/314/314 363/363/363
f 363/363/363 362/362/362 313/313/313
f 314/314/314 315/315/315 364/364/364
f 364/364/364 363/363/363 314/314/314
f 315/315/315 316/316/316 365/365/365
f 365/365/365 364/364/364 315/315/315
f 316/316/316 317/317/317 366/366/366
f 366/366/366 365/365/365 316/316/316
f 317/317/317 318/318/318 367/367/367
f 367/367/367 366/366/366 317/317/317
f 318/318/318 319/319/319 368/368/368
f 368/368/368 367/367/367 318/318/318
f 319/319/319 320/320/320 369/369/369
f 369/369/369 368/368/368 319/319/319
f 320/320/320 321/321/321 370/370/370
f 370/370/370 369/369/369 320/320/320
f 321/321/321 322/322/322 371/371/371
f 371/371/371 370/370/370 321/321/321
f 322/322/322 323/323/323 372/372/372
f 372/372/372 371/371/371 322/322/322
f 323/323/323 324/324/324 373/373/373
f 373/373/373 372/372/372 323/323/323
f 324/324/324 325/325/325 374/374/374
f 374/374/374 373/373/373 324/324/324
f 325/325/325 326/326/326 375/375/375
f 375/375/375 374/374/374 325/325/325
f 326/326/326 327/327/327 376/376/376
f 376/376/376 375/375/375 326/326/326
f 327/327/327 328/328/328 377/377/377
f 377/377/377 376/376/376 327/327/327
f 328/328/328 329/329/329 378/378/378
f 378/378/378 377/377/377 328/328/328
f 329/329/329 330/330/330 379/379/379
f 379/379/379 378/378/378 329/329/329
f 330/330/330 331/331/331 380/380/380
f 380/380/380 379/379/379 330/330/330
f 331/331/331 332/332/332 381/381/381
f 381/381/381 380/380/380 331/331/331
f 332/332/332 333/333/333 382/382/382
f 382/382/382 381/381/381 332/332/332
f 333/333/333 334/334/334 383/383/383
f 383/383/383 382/382/382 333/333/333
f 334/334/334 335/335/335 384/384/384
f 384/384/384 383/383/383 334/334/334
f 335/335/335 336/336/336 385/385/385
f 385/385/385 384/384/384 335/335/335
f 336/336/336 337/337/337 386/386/386
f 386/386/386 385/385/385 336/336/336
f 337/337/337 338/338/338 387/387/387
f 387/387/387 386/386/386 337/337/337
f 338/338/338 339/339/339 388/388/388
f 388/388/388 387/387/387 338/338/338
f 339/339/339 340/340/340 389/389/389
f 389/389/389 388/388/388 339/339/339
f 340/340/340 341/341/341 390/390/390
f 390/390/390 389/389/389 340/340/340
f 341/341/341 342/342/342 391/391/391
f 391/391/391 390/390/390 341/341/341
f 342/342/342 343/343/343 392/392/392
f 392/392/392 391/391/391 342/342/342
f 344/344/344 345/345/345 394/394/394
f 394/394/394 393/393/393 344/344/344
f 345/345/345 346/346/346 395/395/395
f 395/395/395 394/394/394 345/345/345
f 346/346/346 347/347/347 396/396/396
f 396/396/396 395/395/395 346/346/346
f 347/347/347 348/348/348 397/397/397
f 397/397/397 396/396/396 347/347/347
f 348/348/348 349/349/349 398/398/398
f 398/398/398 397/397/397 348/348/348
f 349/349/349 350/350/350 399/399/399
f 399/399/399 398/398/398 349/349/349
f 350/350/350 351/351/351 400/400/400
f 400/400/400 399/399/399 350/350/350
f 351/351/351 352/352/352 401/401/401
f 401/401/401 400/400/400 351/351/351
f 352/352/352 353/353/353 402/402/402
f 402/402/402 401/401/401 352/352/352
f 353/353/353 354/354/354 403/403/403
f 403/403/403 402/402/402 353/353/353
f 354/354/354 355/355/355 404/404/404
f 404/404/404 403/403/403 354/354/354
f 355/355/355 356/356/356 405/405/405
f 405/405/405 404/404/404 355/355/355
f 356/356/356 357/357/357 406/406/406
f 406/406/406 405/405/405 356/356/356
f 357/357/357 358/358/358 407/407/407
f 407/407/407 406/406/406 357/357/357
f 358/358/358 359/359/359 408/408/408
f 408/408/408 407/407/407 358/358/358
f 359/359/359 360/360/360 409/409/409
f 409/409/409 408/408/408 359/359/359
f 360/360/360 361/361/361 410/410/410
f 410/410/410 409/409/409 360/360/360
f 361/361/361 362/362/362 411/411/411
f 411/411/411 410/410/410 361/361/361
f 362/362/362 363/363/363 412/412/412
f 412/412/412 411/411/411 362/362/362
f 363/363/363 364/364/364 413/413/413
f 413/413/413 412/412/412 363/363/363
f 364/364/364 365/365/365 414/414/414
f 414/414/414 413/413/413 364/364/364
f 365/365/365 366/366/366 415/415/415
f 415/415/415 414/414/414 365/365/365
f 366/366/366 367/367/367 416/416/416
f 416/416/416 415/415/415 366/366/366
f 367/367/367 368/368/368 417/417/417
f 417/417/417 416/416/416 367/367/367
f 368/368/368 369/369/369 418/418/418
f 418/418/418 417/417/417 368/368/368
f 369/369/369 370/370/370 419/419/419
f 419/419/419 418/418/418 369/369/369
f 370/370/370 371/371/371 420/420/420
f 420/420/420 419/419/419 370/370/370
f 371/371/371 372/372/372 421/421/421
f 421/421/421 420/420/420 371/371/371
f 372/372/372 373/373/373 422/422/422
f 422/422/422 421/421/421 372/372/372
f 373/373/373 374/374/374 423/423/423
f 423/423/423 422/422/422 373/373/373
f 374/374/374 375/375/375 424/424/424
f 424/424/424 423/423/423 374/374/374
f 375/375/375 376/376/376 425/425/425
f 425/425/425 424/424/424 375/375/375
f 376/376/376 377/377/377 426/426/426
f 426/426/426 425/425/425 376/376/376
f 377/377/377 378/378/378 427/427/427
f 427/427/427 426/426/426 377/377/377
f 378/378/378 379/379/379 428/428/428
f 428/428/428 427/427/427 378/378/378
f 379/379/379 380/380/380 429/429/429
f 429/429/429 428/428/428 379/379/379
f 380/380/380 381/381/381 430/430/430
f 430/430/430 429/429/429 380/380/380
f 381/381/381 382/382/382 431/431/431
f 431/431/431 430/430/430 381/381/381
f 382/382/382 383/383/383 432/432/432
f 432/432/432 431/431/431 382/382/382
f 383/383/383 384/384/384 433/433/433
f 433/433/433 432/432/432 383/383/383
f 384/384/384 385/385/385 434/434/434
f 434/434/434 433/433/433 384/384/384
f 385/385/385 386/386/386 435/435/435
f 435/435/435 434/434/434 385/385/385
f 386/386/386 387/387/387 436/436/436
f 436/436/436 435/435/435 386/386/386
f 387/387/387 388/388/388 437/437/437
f 437/437/437 436/436/436 387/387/387
f 388/388/388 389/389/389 438/438/438
f 438/438/438 437/437/437 388/388/388
f 389/389/389 390/390/390 439/439/439
f 439/439/439 438/438/438 389/389/389
f 390/390/390 391/391/391 440/440/440
f 440/440/440 439/439/439 390/390/390
f 391/391/391 392/392/392 441/441/441
f 441/441/441 440/440/440 391/391/391
f 393/393/393 394/394/394 443/443/443
f 443/443/443 442/442/442 393/393/393
f 394/394/394 395/395/395 444/444/444
f 444/444/444 443/443/443 394/394/394
f 395/395/395 396/396/396 445/445/445
f 445/445/445 444/444/444 395/395/395
f 396/396/396 397/397/397 446/446/446
f 446/446/446 445/445/445 396/396/396
f 397/397/397 398/398/398 447/447/447
f 447/447/447 446/446/446 397/397/397
f 398/398/398 399/399/399 448/448/448
f 448/448/448 447/447/447 398/398/398
f 399/399/399 400/400/400 449/449/449
f 449/449/449 448/448/448 399/399/399
f 400/400/400 401/401/401 450/450/450
f 450/450/450 449/449/449 400/400/400
f 401/401/401 402/402/402 451/451/451
f 451/451/451 450/450/450 401/401/401
f 402/402/402 403/403/403 452/452/452
f 452/452/452 451/451/451 402/402/402
f 403/403/403 404/404/404 453/453/453
f 453/453/453 452/452/452 403/403/403
f 404/404/404 405/405/405 454/454/454
f 454/454/454 453/453/453 404/404/404
f 405/405/405 406/406/406 455/455/455
f 455/455/455 454/454/454 405/405/405
f 406/406/406 407/407/407 456/456/456
f 456/456/456 455/455/455 406/406/406
f 407/407/407 408/408/408 457/457/457
f 457/457/457 456/456/456 407/407/407
f 408/408/408 409/409/409 458/458/458
f 458/458/458 457/457/457 408/408/408
f 409/409/409 410/410/410 459/459/459
f 459/459/459 458/458/458 409/409/409
f 410/410/410 411/411/411 460/460/460
f 460/460/460 459/459/459 410/410/410
f 411/411/411 412/412/412 461/461/461
f 461/461/461 460/460/460 411/411/411
f 412/412/412 413/413/413 462/462/462
f 462/462/462 461/461/461 412/412/412
f 413/413/413 414/414/414 463/463/463
f 463/463/463 462/462/462 413/413/413
f 414/414/414 415/415/415 464/464/464
f 464/464/464 463/463/463 414/414/414
f 415/415/415 416/416/416 465/465/465
f 465/465/465 464/464/464 415/415/415
f 416/416/416 417/417/417 466/466/466
f 466/466/466 465/465/465 416/416/416
f 417/417/417 418/418/418 467/467/467
f 467/467/467 466/466/466 417/417/417
f 418/418/418 419/419/419 468/468/468
f 468/468/468 467/467/467 418/418/418
f 419/419/419 420/420/420 469/469/469
f 469/469/469 468/468/468 419/419/419
f 420/420/420 421/421/421 470/470/470
f 470/470/470 469/469/469 420/420/420
f 421/421/421 422/422/422 471/471/471
f 471/471/471 470/470/470 421/421/421
f 422/422/422 423/423/423 472/472/472
f 472/472/472 471/471/471 422/422/422
f 423/423/423 424/424/424 473/473/473
f 473/473/473 472/472/472 423/423/423
f 424/424/424 425/425/425 474/474/474
f 474/474/474 473/473/473 424/424/424
f 425/425/425 426/426/426 475/475/475
f 475/475/475 474/474/474 425/425/425
f 426/426/426 427/427/427 476/476/476
f 476/476/476 475/475/475 426/426/426
f 427/427/427 428/428/428 477/477/477
f 477/477/477 476/476/476 427/427/427
f 428/428/428 429/429/429 478/478/478
f 478/478/478 477/477/477 428/428/428
f 429/429/429 430/430/430 479/479/479
f 479/479/479 478/478/478 429/429/429
f 430/430/430 431/431/431 480/480/480
f 480/480/480 479/479/479 430/430/430
f 431/431/431 432/432/432 481/481/481
f 481/481/481 480/480/480 431/431/431
f 432/432/432 433/433/433 482/482/482
f 482/482/482 481/481/481 432/432/432
f 433/433/433 434/434/434 483/483/483
f 483/483/483 482/482/482 433/433/433
f 434/434/434 435/435/435 484/484/484
f 484/484/484 483/483/483 434/434/434
f 435/435/435 436/436/436 485/485/485
f 485/485/485 484/484/484 435/435/435
f 436/436/436 437/437/437 486/486/486
f 486/486/486 485/485/485 436/436/436
f 437/437/437 438/438/438 487/487/487
f 487/487/487 486/486/486 437/437/437
f 438/438/438 439/439/439 488/488/488
f 488/488/488 487/487/487 438/438/438
f 439/439/439 440/440/440 489/489/489
f 489/489/489 488/488/488 439/439/439
f 440/440/440 441/441/441 490/490/490
f 490/490/490 489/489/489 440/440/440
f 442/442/442 443/443/443 492/492/492
f 492/492/492 491/491/491 442/442/442
f 443/443/443 444/444/444 493/493/493
f 493/493/493 492/492/492 443/443/443
f 444/444/444 445/445/445 494/494/494
f 494/494/494 493/493/493 444/444/444
f 445/445/445 446/446/446 495/495/495
f 495/495/495 494/494/494 445/445/445
f 446/446/446 447/447/447 496/496/496
f 496/496/496 495/495/495 446/446/446
f 447/447/447 448/448/448 497/497/497
f 497/497/497 496/496/496 447/447/447
f 448/448/448 449/449/449 498/498/498
f 498/498/498 497/497/497 448/448/448
f 449/449/449 450/450/450 499/499/499
f 499/499/499 498/498/498 449/449/449
f 450/450/450 451/451/451 500/500/500
f 500/500/500 499/499/499 450/450/450
f 451/451/451 452/452/452 501/501/501
f 501/501/501 500/500/500 451/451/451
f 452/452/452 453/453/453 502/502/502
f 502/502/502 501/501/501 452/452/452
f 453/453/453 454/454/454 503/503/503
f 503/503/503 502/502/502 453/453/453
f 454/454/454 455/455/455 504/504/504
f 504/504/504 503/503/503 454/454/454
f 455/455/455 456/456/456 505/505/505
f 505/505/505 504/504/504 455/455/455
f 456/456/456 457/457/457 506/506/506
f 506/506/506 505/505/505 456/456/456
f 457/457/457 458/458/458 507/507/507
f 507/507/507 506/506/506 457/457/457
f 458/458/458 459/459/459 508/508/508
f 508/508/508 507/507/507 458/458/458
f 459/459/459 460/460/460 509/509/509
f 509/509/509 508/508/508 459/459/459
f 460/460/460 461/461/461 510/510/510
f 510/510/510 509/509/509 460/460/460
f 461/461/461 462/462/462 511/511/511
f 511/511/511 510/510/510 461/461/461
f 462/462/462 463/463/463 512/512/512
f 512/512/512 511/511/511 462/462/462
f 463/463/463 464/464/464 513/513/513
f 513/513/513 512/512/512 463/463/463
f 464/464/464 465/465/465 514/514/514
f 514/514/514 513/513/513 464/464/464
f 465/465/465 466/466/466 515/515/515
f 515/515/515 514/514/514 465/465/465
f 466/466/466 467/467/467 516/516/516
f 516/516/516 515/515/515 466/466/466
f 467/467/467 468/468/468 517/517/517
f 517/517/517 516/516/516 467/467/467
f 468/468/468 469/469/469 518/518/518
f 518/518/518 517/517/517 468/468/468
f 469/469/469 470/470/470 519/519/519
f 519/519/519 518/518/518 469/469/469
f 470/470/470 471/471/471 520/520/520
f 520/520/520 519/519/519 470/470/470
f 471/471/471 472/472/472 521/521/521
f 521/521/521 520/520/520 471/471/471
f 472/472/472 473/473/473 522/522/522
f 522/522/522 521/521/521 472/472/472
f 473/473/473 474/474/474 523/523/523
f 523/523/523 522/522/522 473/473/473
f 474/474/474 475/475/475 524/524/524
f 524/524/524 523/523/523 474/474/474
f 475/475/475 476/476/476 525/525/525
f 525/525/525 524/524/524 475/475/475
f 476/476/476 477/477/477 526/526/526
f 526/526/526 525/525/525 476/476/476
f 477/477/477 478/478/478 527/527/527
f 527/527/527 526/526/526 477/477/477
f 478/478/478 479/479/479 528/528/528
f 528/528/528 527/527/527 478/478/478
f 479/479/479 480/480/480 529/529/529
f 529/529/529 528/528/528 479/479/479
f 480/480/480 481/481/481 530/530/530
f 530/530/530 529/529/529 480/480/480
f 481/481/481 482/482/482 531/531/531
f 531/531/531 530/530/530 481/481/481
f 482/482/482 483/483/483 532/532/532
f 532/532/532 531/531/531 482/482/482
f 483/483/483 484/484/484 533/533/533
f 533/533/533 532/532/532 483/483/483
f 484/484/484 485/485/485 534/534/534
f 534/534/534 533/533/533 484/484/484
f 485/485/485 486/486/486 535/535/535
f 535/535/535 534/534/534 485/485/485
f 486/486/486 487/487/487 536/536/536
f 536/536/536 535/535/535 486/486/486
f 487/487/487 488/488/488 537/537/537
f 537/537/537 536/536/536 487/487/487
f 488/488/488 489/489/489 538/538/538
f 538/538/538 537/537/537 488/488/488
f 489/489/489 490/490/490 539/539/539
f 539/539/539 538/538/538 489/489/489
f 491/491/491 492/492/492 541/541/541
f 541/541/541 540/540/540 491/491/491
f 492/492/492 493/493/493 542/542/542
f 542/542/542 541/541/541 492/492/492
f 493/493/493 494/494/494 543/543/543
f 543/543/543 542/542/542 493/493/493
f 494/494/494 495/495/495 544/544/544
f 544/544/544 543/543/543 494/494/494
f 495/495/495 496/496/496 545/545/545
f 545/545/545 544/544/544 495/495/495
f 496/496/496 497/497/497 546/546/546
f 546/546/546 545/545/545 496/496/496
f 497/497/497 498/498/498 547/547/547
f 547/547/547 546/546/546 497/497/497
f 498/498/498 499/499/499 548/548/548
f 548/548/548 547/547/547 498/498/498
f 499/499/499 500/500/500 549/549/549
f 549/549/549 548/548/548 499/499/499
f 500/500/500 501/501/501 550/550/550
f 550/550/550 549/549/549 500/500/500
f 501/501/501 502/502/502 551/551/551
f 551/551/551 550/550/550 501/501/501
f 502/502/502 503/503/503 552/552/552
f 552/552/552 551/551/551 502/502/502
f 503/503/503 504/504/504 553/553/553
f 553/553/553 552/552/552 503/503/503
f 504/504/504 505/505/505 554/554/554
f 554/554/554 553/553/553 504/504/504
f 505/505/505 506/506/506 555/555/555
f 555/555/555 554/554/554 505/505/505
f 506/506/506 507/507/507 556/556/556
f 556/556/556 555/555/555 506/506/506
f 507/507/507 508/508/508 557/557/557
f 557/557/557 556/556/556 507/507/507
f 508/508/508 509/509/509 558/558/558
f 558/558/558 557/557/557 508/508/508
f 509/509/509 510/510/510 559/559/559
f 559/559/559 558/558/558 509/509/509
f 510/510/510 511/511/511 560/560/560
f 560/560/560 559/559/559 510/510/510
f 511/511/511 512/512/512 561/561/561
f 561/561/561 560/560/560 511/511/511
f 512/512/512 513/513/513 562/562/562
f 562/562/562 561/561/561 512/512/512
f 513/513/513 514/514/514 563/563/563
f 563/563/563 562/562/562 513/513/513
f 514/514/514 515/515/515 564/564/564
f 564/564/564 563/563/563 514/514/514
f 515/515/515 516/516/516 565/565/565
f 565/565/565 564/564/564 515/515/515
f 516/516/516 517/517/517 566/566/566
f 566/566/566 565/565/565 516/516/516
f 517/517/517 518/518/518 567/567/567
f 567/567/567 566/566/566 517/517/517
f 518/518/518 519/519/519 568/568/568
f 568/568/568 567/567/567 518/518/518
f 519/519/519 520/520/520 569/569/569
f 569/569/569 568/568/568 519/519/519
f 520/520/520 521/521/521 570/570/570
f 570/570/570 569/569/569 520/520/520
f 521/521/521 522/522/522 571/571/571
f 571/571/571 570/570/570 521/521/521
f 522/522/522 523/523/523 572/572/572
f 572/572/572 571/571/571 522/522/522
f 523/523/523 524/524/524 573/573/573
f 573/573/573 572/572/572 523/523/523
f 524/524/524 525/525/525 574/574/574
f 574/574/574 573/573/573 524/524/524
f 525/525/525 526/526/526 575/575/575
f 575/575/575 574/574/574 525/525/525
f 526/526/526 527/527/527 576/576/576
f 576/576/576 575/575/575 526/526/526
f 527/527/527 528/528/528 577/577/577
f 577/577/577 576/576/576 527/527/527
f 528/528/528 529/529/529 578/578/578
f 578/578/578 577/577/577 528/528/528
f 529/529/529 530/530/530 579/579/579
f 579/579/579 578/578/578 529/529/529
f 530/530/530 531/531/531 580/580/580
f 580/580/580 579/579/579 530/530/530
f 531/531/531 532/532/532 581/581/581
f 581/581/581 580/580/580 531/531/531
f 532/532/532 533/533/533 582/582/582
f 582/582/582 581/581/581 532/532/532
f 533/533/533 534/534/534 583/583/583
f 583/583/583 582/582/582 533/533/533
f 534/534/534 535/535/535 584/584/584
f 584/584/584 583/583/583 534/534/534
f 535/535/535 536/536/536 585/585/585
f 585/585/585 584/584/584 535/535/535
f 536/536/536 537/537/537 586/586/586
f 586/586/586 585/585/585 536/536/536
f 537/537/537 538/538/538 587/587/587
f 587/587/587 586/586/586 537/537/537
f 538/538/538 539/539/539 588/588/588
f 588/588/588 587/587/587 538/538/538
f 540/540/540 541/541/541 590/590/590
f 590/590/590 589/589/589 540/540/540
f 541/541/541 542/542/542 591/591/591
f 591/591/591 590/590/590 541/541/541
f 542/542/542 543/543/543 592/592/592
f 592/592/592 591/591/591 542/542/542
f 543/543/543 544/544/544 593/593/593
f 593/593/593 592/592/592 543/543/543
f 544/544/544 545/545/545 594/594/594
f 594/594/594 593/593/593 544/544/544
f 545/545/545 546/546/546 595/595/595
f 595/595/595 594/594/594 545/545/545
f 546/546/546 547/547/547 596/596/596
f 596/596/596 595/595/595 546/546/546
f 547/547/547 548/548/548 597/597/597
f 597/597/597 596/596/596 547/547/547
f 548/548/548 549/549/549 598/598/598
f 598/598/598 597/597/597 548/548/548
f 549/549/549 550/550/550 599/599/599
f 599/599/599 598/598/598 549/549/549
f 550/550/550 551/551/551 600/600/600
f 600/600/600 599/599/599 550/550/550
f 551/551/551 552/552/552 601/601/601
f 601/601/601 600/600/600 551/551/551
f 552/552/552 553/553/553 602/602/602
f 602/602/602 601/601/601 552/552/552
f 553/553/553 554/554/554 603/603/603
f 603/603/603 602/602/602 553/553/553
f 554/554/554 555/555/555 604/604/604
f 604/604/604 603/603/603 554/554/554
f 555/555/555 556/556/556 605/605/605
f 605/605/605 604/604/604 555/555/555
f 556/556/556 557/557/557 606/606/606
f 606/606/606 605/605/605 556/556/556
f 557/557/557 558/558/558 607/607/607
f 607/607/607 606/606/606 557/557/557
f 558/558/558 559/559/559 608/608/608
f 608/608/608 607/607/607 558/558/558
f 559/559/559 560/560/560 609/609/609
f 609/609/609 608/608/608 559/559/559
f 560/560/560 561/561/561 610/610/610
f 610/610/610 609/609/609 560/560/560
f 561/561/561 562/562/562 611/611/611
f 611/611/611 610/610/610 561/561/561
f 562/562/562 563/563/563 612/612/612
f 612/612/612 611/611/611 562/562/562
f 563/563/563 564/564/564 613/613/613
f 613/613/613 612/612/612 563/563/563
f 564/564/564 565/565/565 614/614/614
f 614/614/614 613/613/613 564/564/564
f 565/565/565 566/566/566 615/615/615
f 615/615/615 614/614/614 565/565/565
f 566/566/566 567/567/567 616/616/616
f 616/616/616 615/615/615 566/566/566
f 567/567/567 568/568/568 617/617/617
f 617/617/617 616/616/616 567/567/567
f 568/568/568 569/569/569 618/618/618
f 618/618/618 617/617/617 568/568/568
f 569/569/569 570/570/570 619/619/619
f 619/619/619 618/618/618 569/569/569
f 570/570/570 571/571/571 620/620/620
f 620/620/620 619/619/619 570/570/570
f 571/571/571 572/572/572 621/621/621
f 621/621/621 620/620/620 571/571/571
f 572/572/572 573/573/573 622/622/622
f 622/622/622 621/621/621 572/572/572
f 573/573/573 574/574/574 623/623/623
f 623/623/623 622/622/622 573/573/573
f 574/574/574 575/575/575 624/624/624
f 624/624/624 623/623/623 574/574/574
f 575/575/575 576/576/576 625/625/625
f 625/625/625 624/624/624 575/575/575
f 576/576/576 577/577/577 626/626/626
f 626/626/626 625/625/625 576/576/576
f 577/577/577 578/578/578 627/627/627
f 627/627/627 626/626/626 577/577/577
f 578/578/578 579/579/579 628/628/628
f 628/628/628 627/627/627 578/578/578
f 579/579/579 580/580/580 629/629/629
f 629/629/629 628/628/628 579/579/579
f 580/580/580 581/581/581 630/630/630
f 630/630/630 629/629/629 580/580/580
f 581/581/581 582/582/582 631/631/631
f 631/631/631 630/630/630 581/581/581
f 582/582/582 583/583/583 632/632/632
f 632/632/632 631/631/631 582/582/582
f 583/583/583 584/584/584 633/633/633
f 633/633/633 632/632/632 583/583/583
f 584/584/584 585/585/585 634/634/634
f 634/634/634 633/633/633 584/584/584
f 585/585/585 586/586/586 635/635/635
f 635/635/635 634/634/634 585/585/585
f 586/586/586 587/587/587 636/636/636
f 636/636/636 635/635/635 586/586/586
f 587/587/587 588/588/588 637/637/637
f 637/637/637 636/636/636 587/587/587
f 589/589/589 590/590/590 639/639/639
f 639/639/639 638/638/638 589/589/589
f 590/590/590 591/591/591 640/640/640
f 640/640/640 639/639/639 590/590/590
f 591/591/591 592/592/592 641/641/641
f 641/641/641 640/640/640 591/591/591
f 592/592/592 593/593/593 642/642/642
f 642/642/642 641/641/641 592/592/592
f 593/593/593 594/594/594 643/643/643
f 643/643/643 642/642/642 593/593/593
f 594/594/594 595/595/595 644/644/644
f 644/644/644 643/643/643 594/594/594
f 595/595/595 596/596/596 645/645/645
f 645/645/645 644/644/644 595/595/595
f 596/596/596 597/597/597 646/646/646
f 646/646/646 645/645/645 596/596/596
f 597/597/597 598/598/598 647/647/647
f 647/647/647 646/646/646 597/597/597
f 598/598/598 599/599/599 648/648/648
f 648/648/648 647/647/647 598/598/598
f 599/599/599 600/600/600 649/649/649
f 649/649/649 648/648/648 599/599/599
f 600/600/600 601/601/601 650/650/650
f 650/650/650 649/649/649 600/600/600
f 601/601/601 602/602/602 651/651/651
f 651/651/651 650/650/650 601/601/601
f 602/602/602 603/603/603 652/652/652
f 652/652/652 651/651/651 602/602/602
f 603/603/603 604/604/604 653/653/653
f 653/653/653 652/652/652 603/603/603
f 604/604/604 605/605/605 654/654/654
f 654/654/654 653/653/653 604/604/604
f 605/605/605 606/606/606 655/655/655
f 655/655/655 654/654/654 605/605/605
f 606/606/606 607/607/607 656/656/656
f 656/656/656 655/655/655 606/606/606
f 607/607/607 608/608/608 657/657/657
f 657/657/657 656/656/656 607/607/607
f 608/608/608 609/609/609 658/658/658
f 658/658/658 657/657/657 608/608/608
f 609/609/609 610/610/610 659/659/659
f 659/659/659 658/658/658 609/609/609
f 610/610/610 611/611/611 660/660/660
f 660/660/660 659/659/659 610/610/610
f 611/611/611 612/612/612 661/661/661
f 661/661/661 660/660/660 611/611/611
f 612/612/612 613/613/613 662/662/662
f 662/662/662 661/661/661 612/612/612
f 613/613/613 614/614/614 663/663/663
f 663/663/663 662/662/662 613/613/613
f 614/614/614 615/615/615 664/664/664
f 664/664/664 663/663/663 614/614/614
f 615/615/615 616/616/616 665/665/665
f 665/665/665 664/664/664 615/615/615
f 616/616/616 617/617/617 666/666/666
f 666/666/666 665/665/665 616/616/616
f 617/617/617 618/618/618 667/667/667
f 667/667/667 666/666/666 617/617/617
f 618/618/618 619/619/619 668/668/668
f 668/668/668 667/667/667 618/618/618
f 619/619/619 620/620/620 669/669/669
f 669/669/669 668/668/668 619/619/619
f 620/620/620 621/621/621 670/670/670
f 670/670/670 669/669/669 620/620/620
f 621/621/621 622/622/622 671/671/671
f 671/671/671 670/670/670 621/621/621
f 622/622/622 623/623/623 672/672/672
f 672/672/672 671/671/671 622/622/622
f 623/623/623 624/624/624 673/673/673
f 673/673/673 672/672/672 623/623/623
f 624/624/624 625/625/625 674/674/674
f 674/674/674 673/673/673 624/624/624
f 625/625/625 626/626/626 675/675/675
f 675/675/675 674/674/674 625/625/625
f 626/626/626 627/627/627 676/676/676
f 676/676/676 675/675/675 626/626/626
f 627/627/627 628/628/628 677/677/677
f 677/677/677 676/676/676 627/627/627
f 628/628/628 629/629/629 678/678/678
f 678/678/678 677/677/677 628/628/628
f 629/629/629 630/630/630 679/679/679
f 679/679/679 678/678/678 629/629/629
f 630/630/630 631/631/631 680/680/680
f 680/680/680 679/679/679 630/630/630
f 631/631/631 632/632/632 681/681/681
f 681/681/681 680/680/680 631/631/631
f 632/632/632 633/633/633 682/682/682
f 682/682/682 681/681/681 632/632/632
f 633/633/633 634/634/634 683/683/683
f 683/683/683 682/682/682 633/633/633
f 634/634/634 635/635/635 684/684/684
f 684/684/684 683/683/683 634/634/634
f 635/635/635 636/636/636 685/685/685
f 685/685/685 684/684/684 635/635/635
f 636/636/636 637/637/637 686/686/686
f 686/686/686 685/685/685 636/636/636
f 638/638/638 639/639/639 688/688/688
f 688/688/688 687/687/687 638/638/638
f 639/639/639 640/640/640 689/689/689
f 689/689/689 688/688/688 639/639/639
f 640/640/640 641/641/641 690/690/690
f 690/690/690 689/689/689 640/640/640
f 641/641/641 642/642/642 691/691/691
f 691/691/691 690/690/690 641/641/641
f 642/642/642 643/643/643 692/692/692
f 692/692/692 691/691/691 642/642/642
f 643/643/643 644/644/644 693/693/693
f 693/693/693 692/692/692 643/643/643
f 644/644/644 645/645/645 694/694/694
f 694/694/694 693/693/693 644/644/644
f 645/645/645 646/646/646 695/695/695
f 695/695/695 694/694/694 645/645/645
f 646/646/646 647/647/647 696/696/696
f 696/696/696 695/695/695 646/646/646
f 647/647/647 648/648/648 697/697/697
f 697/697/697 696/696/696 647/647/647
f 648/648/648 649/649/649 698/698/698
f 698/698/698 697/697/697 648/648/648
f 649/649/649 650/650/650 699/699/699
f 699/699/699 698/698/698 649/649/649
f 650/650/650 651/651/651 700/700/700
f 700/700/700 699/699/699 650/650/650
f 651/651/651 652/652/652 701/701/701
f 701/701/701 700/700/700 651/651/651
f 652/652/652 653/653/653 702/702/702
f 702/702/702 701/701/701 652/652/652
f 653/653/653 654/654/654 703/703/703
f 703/703/703 702/702/702 653/653/653
f 654/654/654 655/655/655 704/704/704
f 704/704/704 703/703/703 654/654/654
f 655/655/655 656/656/656 705/705/705
f 705/705/705 704/704/704 655/655/655
f 656/656/656 657/657/657 706/706/706
f 706/706/706 705/705/705 656/656/656
f 657/657/657 658/658/658 707/707/707
f 707/707/707 706/706/706 657/657/657
f 658/658/658 659/659/659 708/708/708
f 708/708/708 707/707/707 658/658/658
f 659/659/659 660/660/660 709/709/709
f 709/709/709 708/708/708 659/659/659
f 660/660/660 661/661/661 710/710/710
f 710/710/710 709/709/709 660/660/660
f 661/661/661 662/662/662 711/711/711
f 711/711/711 710/710/710 661/661/661
f 662/662/662 663/663/663 712/712/712
f 712/712/712 711/711/711 662/662/662
f 663/663/663 664/664/664 713/713/713
f 713/713/713 712/712/712 663/663/663
f 664/664/664 665/665/665 714/714/714
f 714/714/714 713/713/713 664/664/664
f 665/665/665 666/666/666 715/715/715
f 715/715/715 714/714/714 665/665/665
f 666/666/666 667/667/667 716/716/716
f 716/716/716 715/715/715 666/666/666
f 667/667/667 668/668/668 717/717/717
f 717/717/717 716/716/716 667/667/667
f 668/668/668 669/669/669 718/718/718
f 718/718/718 717/717/717 668/668/668
f 669/669/669 670/670/670 719/719/719
f 719/719/719 718/718/718 669/669/669
f 670/670/670 671/671/671 720/720/720
f 720/720/720 719/719/719 670/670/670
f 671/671/671 672/672/672 721/721/721
f 721/721/721 720/720/720 671/671/671
f 672/672/672 673/673/673 722/722/722
f 722/722/722 721/721/721 672/672/672
f 673/673/673 674/674/674 723/723/723
f 723/723/723 722/722/722 673/673/673
f 674/674/674 675/675/675 724/724/724
f 724/724/724 723/723/723 674/674/674
f 675/675/675 676/676/676 725/725/725
f 725/725/725 724/724/724 675/675/675
f 676/676/676 677/677/677 726/726/726
f 726/726/726 725/725/725 676/676/676
f 677/677/677 678/678/678 727/727/727
f 727/727/727 726/726/726 677/677/677
f 678/678/678 679/679/679 728/728/728
f 728/728/728 727/727/727 678/678/678
f 679/679/679 680/680/680 729/729/729
f 729/729/729 728/728/728 679/679/679
f 680/680/680 681/681/681 730/730/730
f 730/730/730 729/729/729 680/680/680
f 681/681/681 682/682/682 731/731/731
f 731/731/731 730/730/730 681/681/681
f 682/682/682 683/683/683 732/732/732
f 732/732/732 731/731/731 682/682/682
f 683/683/683 684/684/684 733/733/733
f 733/733/733 732/732/732 683/683/683
f 684/684/684 685/685/685 734/734/734
f 734/734/734 733/733/733 684/684/684
f 685/685/685 686/686/686 735/735/735
f 735/735/735 734/734/734 685/685/685
f 687/687/687 688/688/688 737/737/737
f 737/737/737 736/736/736 687/687/687
f 688/688/688 689/689/689 738/738/738
f 738/738/738 737/737/737 688/688/688
f 689/689/689 690/690/690 739/739/739
f 739/739/739 738/738/738 689/689/689
f 690/690/690 691/691/691 740/740/740
f 740/740/740 739/739/739 690/690/690
f 691/691/691 692/692/692 741/741/741
f 741/741/741 740/740/740 691/691/691
f 692/692/692 693/693/693 742/742/742
f 742/742/742 741/741/741 692/692/692
f 693/693/693 694/694/694 743/743/743
f 743/743/743 742/742/742 693/693/693
f 694/694/694 695/695/695 744/744/744
f 744/744/744 743/743/743 694/694/694
f 695/695/695 696/696/696 745/745/745
f 745/745/745 744/744/744 695/695/695
f 696/696/696 697/697/697 746/746/746
f 746/746/746 745/745/745 696/696/696
f 697/697/697 698/698/698 747/747/747
f 747/747/747 746/746/746 697/697/697
f 698/698/698 699/699/699 748/748/748
f 748/748/748 747/747/747 698/698/698
f 699/699/699 700/700/700 749/749/749
f 749/749/749 748/748/748 699/699/699
f 700/700/700 701/701/701 750/750/750
f 750/750/750 749/749/749 700/700/700
f 701/701/701 702/702/702 751/751/751
f 751/751/751 750/750/750 701/701/701
f 702/702/702 703/703/703 752/752/752
f 752/752/752 751/751/751 702/702/702
f 703/703/703 704/704/704 753/753/753
f 753/753/753 752/752/752 703/703/703
f 704/704/704 705/705/705 754/754/754
f 754/754/754 753/753/753 704/704/704
f 705/705/705 706/706/706 755/755/755
f 755/755/755 754/754/754 705/705/705
f 706/706/706 707/707/707 756/756/756
f 756/756/756 755/755/755 706/706/706
f 707/707/707 708/708/708 757/757/757
f 757/757/757 756/756/756 707/707/707
f 708/708/708 709/709/709 758/758/758
f 758/758/758 757/757/757 708/708/708
f 709/709/709 710/710/710 759/759/759
f 759/759/759 758/758/758 709/709/709
f 710/710/710 711/711/711 760/760/760
f 760/760/760 759/759/759 710/710/710
f 711/711/711 712/712/712 761/761/761
f 761/761/761 760/760/760 711/711/711
f 712/712/712 713/713/713 762/762/762
f 762/762/762 761/761/761 712/712/712
f 713/713/713 714/714/714 763/763/763
f 763/763/763 762/762/762 713/713/713
f 714/714/714 715/715/715 764/764/764
f 764/764/764 763/763/763 714/714/714
f 715/715/715 716/716/716 765/765/765
f 765/765/765 764/764/764 715/715/715
f 716/716/716 717/717/717 766/766/766
f 766/766/766 765/765/765 716/716/716
f 717/717/717 718/718/718 767/767/767
f 767/767/767 766/766/766 717/717/717
f 718/718/718 719/719/719 768/768/768
f 768/768/768 767/767/767 718/718/718
f 719/719/719 720/720/720 769/769/769
f 769/769/769 768/768/768 719/719/719
f 720/720/720 721/721/721 770/770/770
f 770/770/770 769/769/769 720/720/720
f 721/721/721 722/722/722 771/771/771
f 771/771/771 770/770/770 721/721/721
f 722/722/722 723/723/723 772/772/772
f 772/772/772 771/771/771 722/722/722
f 723/723/723 724/724/724 773/773/773
f 773/773/773 772/772/772 723/723/723
f 724/724/724 725/725/725 774/774/774
f 774/774/774 773/773/773 724/724/724
f 725/725/725 726/726/726 775/775/775
f 775/775/775 774/774/774 725/725/725
f 726/726/726 727/727/727 776/776/776
f 776/776/776 775/775/775 726/726/726
f 727/727/727 728/728/728 777/777/777
f 777/777/777 776/776/776 727/727/727
f 728/728/728 729/729/729 778/778/778
f 778/778/778 777/777/777 728/728/728
f 729/729/729 730/730/730 779/779/779
f 779/779/779 778/778/778 729/729/729
f 730/730/730 731/731/731 780/780/780
f 780/780/780 779/779/779 730/730/730
f 731/731/731 732/732/732 781/781/781
f 781/781/781 780/780/780 731/731/731
f 732/732/732 733/733/733 782/782/782
f 782/782/782 781/781/781 732/732/732
f 733/733/733 734/734/734 783/783/783
f 783/783/783 782/782/782 733/733/733
f 734/734/734 735/735/735 784/784/784
f 784/784/784 783/783/783 734/734/734
f 736/736/736 737/737/737 786/786/786
f 786/786/786 785/785/785 736/736/736
f 737/737/737 738/738/738 787/787/787
f 787/787/787 786/786/786 737/737/737
f 738/738/738 739/739/739 788/788/788
f 788/788/788 787/787/787 738/738/738
f 739/739/739 740/740/740 789/789/789
f 789/789/789 788/788/788 739/739/739
f 740/740/740 741/741/741 790/790/790
f 790/790/790 789/789/789 740/740/740
f 741/741/741 742/742/742 791/791/791
f 791/791/791 790/790/790 741/741/741
f 742/742/742 743/743/743 792/792/792
f 792/792/792 791/791/791 742/742/742
f 743/743/743 744/744/744 793/793/793
f 793/793/793 792/792/792 743/743/743
f 744/744/744 745/745/745 794/794/794
f 794/794/794 793/793/793 744/744/744
f 745/745/745 746/746/746 795/795/795
f 795/795/795 794/794/794 745/745/745
f 746/746/746 747/747/747 796/796/796
f 796/796/796 795/795/795 746/746/746
f 747/747/747 748/748/748 797/797/797
f 797/797/797 796/796/796 747/747/747
f 748/748/748 749/749/749 798/798/798
f 798/798/798 797/797/797 748/748/748
f 749/749/749 750/750/750 799/799/799
f 799/799/799 798/798/798 749/749/749
f 750/750/750 751/751/751 800/800/800
f 800/800/800 799/799/799 750/750/750
f 751/751/751 752/752/752 801/801/801
f 801/801/801 800/800/800 751/751/751
f 752/752/752 753/753/753 802/802/802
f 802/802/802 801/801/801 752/752/752
f 753/753/753 754/754/754 803/803/803
f 803/803/803 802/802/802 753/753/753
f 754/754/754 755/755/755 804/804/804
f 804/804/804 803/803/803 754/754/754
f 755/755/755 756/756/756 805/805/805
f 805/805/805 804/804/804 755/755/755
f 756/756/756 757/757/757 806/806/806
f 806/806/806 805/805/805 756/756/756
f 757/757/757 758/758/758 807/807/807
f 807/807/807 806/806/806 757/757/757
f 758/758/758 759/759/759 808/808/808
f 808/808/808 807/807/807 758/758/758
f 759/759/759 760/760/760 809/809/809
f 809/809/809 808/808/808 759/759/759
f 760/760/760 761/761/761 810/810/810
f 810/810/810 809/809/809 760/760/760
f 761/761/761 762/762/762 811/811/811
f 811/811/811 810/810/810 761/761/761
f 762/762/762 763/763/763 812/812/812
f 812/812/812 811/811/811 762/762/762
f 763/763/763 764/764/764 813/813/813
f 813/813/813 812/812/812 763/763/763
f 764/764/764 765/765/765 814/814/814
f 814/814/814 813/813/813 764/764/764
f 765/765/765 766/766/766 815/815/815
f 815/815/815 814/814/814 765/765/765
f 766/766/766 767/767/767 816/816/816
f 816/816/816 815/815/815 766/766/766
f 767/767/767 768/768/768 817/817/817
f 817/817/817 816/816/816 767/767/767
f 768/768/768 769/769/769 818/818/818
f 818/818/818 817/817/817 768/768/768
f 769/769/769 770/770/770 819/819/819
f 819/819/819 818/818/818 769/769/769
f 770/770/770 771/771/771 820/820/820
f 820/820/820 819/819/819 770/770/770
f 771/771/771 772/772/772 821/821/821
f 821/821/821 820/820/820 771/771/771
f 772/772/772 773/773/773 822/822/822
f 822/822/822 821/821/821 772/772/772
f 773/773/773 774/774/774 823/823/823
f 823/823/823 822/822/822 773/773/773
f 774/774/774 775/775/775 824/824/824
f 824/824/824 823/823/823 774/774/774
f 775/775/775 776/776/776 825/825/825
f 825/825/825 824/824/824 775/775/775
f 776/776/776 777/777/777 826/826/826
f 826/826/826 825/825/825 776/776/776
f 777/777/777 778/778/778 827/827/827
f 827/827/827 826/826/826 777/777/777
f 778/778/778 779/779/779 828/828/828
f 828/828/828 827/827/827 778/778/778
f 779/779/779 780/780/780 829/829/829
f 829/829/829 828/828/828 779/779/779
f 780/780/780 781/781/781 830/830/830
f 830/830/830 829/829/829 780/780/780
f 781/781/781 782/782/782 831/831/831
f 831/831/831 830/830/830 781/781/781
f 782/782/782 783/783/783 832/832/832
f 832/832/832 831/831/831 782/782/782
f 783/783/783 784/784/784 833/833/833
f 833/833/833 832/832/832 783/783/783
f 785/785/785 786/786/786 835/835/835
f 835/835/835 834/834/834 785/785/785
f 786/786/786 787/787/787 836/836/836
f 836/836/836 835/835/835 786/786/786
f 787/787/787 788/788/788 837/837/837
f 837/837/837 836/836/836 787/787/787
f 788/788/788 789/789/789 838/838/838
f 838/838/838 837/837/837 788/788/788
f 789/789/789 790/790/790 839/839/839
f 839/839/839 838/838/838 789/789/789
f 790/790/790 791/791/791 840/840/840
f 840/840/840 839/839/839 790/790/790
f 791/791/791 792/792/792 841/841/841
f 841/841/841 840/840/840 791/791/791
f 792/792/792 793/793/793 842/842/842
f 842/842/842 841/841/841 792/792/792
f 793/793/793 794/794/794 843/843/843
f 843/843/843 842/842/842 793/793/793
f 794/794/794 795/795/795 844/844/844
f 844/844/844 843/843/843 794/794/794
f 795/795/795 796/796/796 845/845/845
f 845/845/845 844/844/844 795/795/795
f 796/796/796 797/797/797 846/846/846
f 846/846/846 845/845/845 796/796/796
f 797/797/797 798/798/798 847/847/847
f 847/847/847 846/846/846 797/797/797
f 798/798/798 799/799/799 848/848/848
f 848/848/848 847/847/847 798/798/798
f 799/799/799 800/800/800 849/849/849
f 849/849/849 848/848/848 799/799/799
f 800/800/800 801/801/801 850/850/850
f 850/850/850 849/849/849 800/800/800
f 801/801/801 802/802/802 851/851/851
f 851/851/851 850/850/850 801/801/801
f 802/802/802 803/803/803 852/852/852
f 852/852/852 851/851/851 802/802/802
f 803/803/803 804/804/804 853/853/853
f 853/853/853 852/852/852 803/803/803
f 804/804/804 805/805/805 854/854/854
f 854/854/854 853/853/853 804/804/804
f 805/805/805 806/806/806 855/855/855
f 855/855/855 854/854/854 805/805/805
f 806/806/806 807/807/807 856/856/856
f 856/856/856 855/855/855 806/806/806
f 807/807/807 808/808/808 857/857/857
f 857/857/857 856/856/856 807/807/807
f 808/808/808 809/809/809 858/858/858
f 858/858/858 857/857/857 808/808/808
f 809/809/809 810/810/810 859/859/859
f 859/859/859 858/858/858 809/809/809
f 810/810/810 811/811/811 860/860/860
f 860/860/860 859/859/859 810/810/810
f 811/811/811 812/812/812 861/861/861
f 861/861/861 860/860/860 811/811/811
f 812/812/812 813/813/813 862/862/862
f 862/862/862 861/861/861 812/812/812
f 813/813/813 814/814/814 863/863/863
f 863/863/863 862/862/862 813/813/813
f 814/814/814 815/815/815 864/864/864
f 864/864/864 863/863/863 814/814/814
f 815/815/815 816/816/816 865/865/865
f 865/865/865 864/864/864 815/815/815
f 816/816/816 817/817/817 866/866/866
f 866/866/866 865/865/865 816/816/816
f 817/817/817 818/818/818 867/867/867
f 867/867/867 866/866/866 817/817/817
f 818/818/818 819/819/819 868/868/868
f 868/868/868 867/867/867 818/818/818
f 819/819/819 820/820/820 869/869/869
f 869/869/869 868/868/868 819/819/819
f 820/820/820 821/821/821 870/870/870
f 870/870/870 869/869/869 820/820/820
f 821/821/821 822/822/822 871/871/871
f 871/871/871 870/870/870 821/821/821
f 822/822/822 823/823/823 872/872/872
f 872/872/872 871/871/871 822/822/822
f 823/823/823 824/824/824 873/873/873
f 873/873/873 872/872/872 823/823/823
f 824/824/824 825/825/825 874/874/874
f 874/874/874 873/873/873 824/824/824
f 825/825/825 826/826/826 875/875/875
f 875/875/875 874/874/874 825/825/825
f 826/826/826 827/827/827 876/876/876
f 876/876/876 875/875/875 826/826/826
f 827/827/827 828/828/828 877/877/877
f 877/877/877 876/876/876 827/827/827
f 828/828/828 829/829/829 878/878/878
f 878/878/878 877/877/877 828/828/828
f 829/829/829 830/830/830 879/879/879
f 879/879/879 878/878/878 829/829/829
f 830/830/830 831/831/831 880/880/880
f 880/880/880 879/879/879 830/830/830
f 831/831/831 832/832/832 881/881/881
f 881/881/881 880/880/880 831/831/831
f 832/832/832 833/833/833 882/882/882
f 882/882/882 881/881/881 832/832/832
f 834/834/834 835/835/835 884/884/884
f 884/884/884 883/883/883 834/834/834
f 835/835/835 836/836/836 885/885/885
f 885/885/885 884/884/884 835/835/835
f 836/836/836 837/837/837 886/886/886
f 886/886/886 885/885/885 836/836/836
f 837/837/837 838/838/838 887/887/887
f 887/887/887 886/886/886 837/837/837
f 838/838/838 839/839/839 888/888/888
f 888/888/888 887/887/887 838/838/838
f 839/839/839 840/840/840 889/889/889
f 889/889/889 888/888/888 839/839/839
f 840/840/840 841/841/841 890/890/890
f 890/890/890 889/889/889 840/840/840
f 841/841/841 842/842/842 891/891/891
f 891/891/891 890/890/890 841/841/841
f 842/842/842 843/843/843 892/892/892
f 892/892/892 891/891/891 842/842/842
f 843/843/843 844/844/844 893/893/893
f 893/893/893 892/892/892 843/843/843
f 844/844/844 845/845/845 894/894/894
f 894/894/894 893/893/893 844/844/844
f 845/845/845 846/846/846 895/895/895
f 895/895/895 894/894/894 845/845/845
f 846/846/846 847/847/847 896/896/896
f 896/896/896 895/895/895 846/846/846
f 847/847/847 848/848/848 897/897/897
f 897/897/897 896/896/896 847/847/847
f 848/848/848 849/849/849 898/898/898
f 898/898/898 897/897/897 848/848/848
f 849/849/849 850/850/850 899/899/899
f 899/899/899 898/898/898 849/849/849
f 850/850/850 851/851/851 900/900/900
f 900/900/900 899/899/899 850/850/850
f 851/851/851 852/852/852 901/901/901
f 901/901/901 900/900/900 851/851/851
f 852/852/852 853/853/853 902/902/902
f 902/902/902 901/901/901 852/852/852
f 853/853/853 854/854/854 903/903/903
f 903/903/903 902/902/902 853/853/853
f 854/854/854 855/855/855 904/904/904
f 904/904/904 903/903/903 854/854/854
f 855/855/855 856/856/856 905/905/905
f 905/905/905 904/904/904 855/855/855
f 856/856/856 857/857/857 906/906/906
f 906/906/906 905/905/905 856/856/856
f 857/857/857 858/858/858 907/907/907
f 907/907/907 906/906/906 857/857/857
f 858/858/858 859/859/859 908/908/908
f 908/908/908 907/907/907 858/858/858
f 859/859/859 860/860/860 909/909/909
f 909/909/909 908/908/908 859/859/859
f 860/860/860 861/861/861 910/910/910
f 910/910/910 909/909/909 860/860/860
f 861/861/861 862/862/862 911/911/911
f 911/911/911 910/910/910 861/861/861
f 862/862/862 863/863/863 912/912/912
f 912/912/912 911/911/911 862/862/862
f 863/863/863 864/864/864 913/913/913
f 913/913/913 912/912/912 863/863/863
f 864/864/864 865/865/865 914/914/914
f 914/914/914 913/913/913 864/864/864
f 865/865/865 866/866/866 915/915/915
f 915/915/915 914/914/914 865/865/865
f 866/866/866 867/867/867 916/916/916
f 916/916/916 915/915/915 866/866/866
f 867/867/867 868/868/868 917/917/917
f 917/917/917 916/916/916 867/867/867
f 868/868/868 869/869/869 918/918/918
f 918/918/918 917/917/917 868/868/868
f 869/869/869 870/870/870 919/919/919
f 919/919/919 918/918/918 869/869/869
f 870/870/870 871/871/871 920/920/920
f 920/920/920 919/919/919 870/870/870
f 871/871/871 872/872/872 921/921/921
f 921/921/921 920/920/920 871/871/871
f 872/872/872 873/873/873 922/922/922
f 922/922/922 921/921/921 872/872/872
f 873/873/873 874/874/874 923/923/923
f 923/923/923 922/922/922 873/873/873
f 874/874/874 875/875/875 924/924/924
f 924/924/924 923/923/923 874/874/874
f 875/875/875 876/876/876 925/925/925
f 925/925/925 924/924/924 875/875/875
f 876/876/876 877/877/877 926/926/926
f 926/926/926 925/925/925 876/876/876
f 877/877/877 878/878/878 927/927/927
f 927/927/927 926/926/926 877/877/877
f 878/878/878 879/879/879 928/928/928
f 928/928/928 927/927/927 878/878/878
f 879/879/879 880/880/880 929/929/929
f 929/929/929 928/928/928 879/879/879
f 880/880/880 881/881/881 930/930/930
f 930/930/930 929/929/929 880/880/880
f 881/881/881 882/882/882 931/931/931
f 931/931/931 930/930/930 881/881/881
f 883/883/883 884/884/884 933/933/933
f 933/933/933 932/932/932 883/883/883
f 884/884/884 885/885/885 934/934/934
f 934/934/934 933/933/933 884/884/884
f 885/885/885 886/886/886 935/935/935
f 935/935/935 934/934/934 885/885/885
f 886/886/886 887/887/887 936/936/936
f 936/936/936 935/935/935 886/886/886
f 887/887/887 888/888/888 937/937/937
f 937/937/937 936/936/936 887/887/887
f 888/888/888 889/889/889 938/938/938
f 938/938/938 937/937/937 888/888/888
f 889/889/889 890/890/890 939/939/939
f 939/939/939 938/938/938 889/889/889
f 890/890/890 891/891/891 940/940/940
f 940/940/940 939/939/939 890/890/890
f 891/891/891 892/892/892 941/941/941
f 941/941/941 940/940/940 891/891/891
f 892/892/892 893/893/893 942/942/942
f 942/942/942 941/941/941 892/892/892
f 893/893/893 894/894/894 943/943/943
f 943/943/943 942/942/942 893/893/893
f 894/894/894 895/895/895 944/944/944
f 944/944/944 943/943/943 894/894/894
f 895/895/895 896/896/896 945/945/945
f 945/945/945 944/944/944 895/895/895
f 896/896/896 897/897/897 946/946/946
f 946/946/946 945/945/945 896/896/896
f 897/897/897 898/898/898 947/947/947
f 947/947/947 946/946/946 897/897/897
f 898/898/898 899/899/899 948/948/948
f 948/948/948 947/947/947 898/898/898
f 899/899/899 900/900/900 949/949/949
f 949/949/949 948/948/948 899/899/899
f 900/900/900 901/901/901 950/950/950
f 950/950/950 949/949/949 900/900/900
f 901/901/901 902/902/902 951/951/951
f 951/951/951 950/950/950 901/901/901
f 902/902/902 903/903/903 952/952/952
f 952/952/952 951/951/951 902/902/902
f 903/903/903 904/904/904 953/953/953
f 953/953/953 952/952/952 903/903/903
f 904/904/904 905/905/905 954/954/954
f 954/954/954 953/953/953 904/904/904
f 905/905/905 906/906/906 955/955/955
f 955/955/955 954/954/954 905/905/905
f 906/906/906 907/907/907 956/956/956
f 956/956/956 955/955/955 906/906/906
f 907/907/907 908/908/908 957/957/957
f 957/957/957 956/956/956 907/907/907
f 908/908/908 909/909/909 958/958/958
f 958/958/958 957/957/957 908/908/908
f 909/909/909 910/910/910 959/959/959
f 959/959/959 958/958/958 909/909/909
f 910/910/910 911/911/911 960/960/960
f 960/960/960 959/959/959 910/910/910
f 911/911/911 912/912/912 961/961/961
f 961/961/961 960/960/960 911/911/911
f 912/912/912 913/913/913 962/962/962
f 962/962/962 961/961/961 912/912/912
f 913/913/913 914/914/914 963/963/963
f 963/963/963 962/962/962 913/913/913
f 914/914/914 915/915/915 964/964/964
f 964/964/964 963/963/963 914/914/914
f 915/915/915 916/916/916 965/965/965
f 965/965/965 964/964/964 915/915/915
f 916/916/916 917/917/917 966/966/966
f 966/966/966 965/965/965 916/916/916
f 917/917/917 918/918/918 967/967/967
f 967/967/967 966/966/966 917/917/917
f 918/918/918 919/919/919 968/968/968
f 968/968/968 967/967/967 918/918/918
f 919/919/919 920/920/920 969/969/969
f 969/969/969 968/968/968 919/919/919
f 920/920/920 921/921/921 970/970/970
f 970/970/970 969/969/969 920/920/920
f 921/921/921 922/922/922 971/971/971
f 971/971/971 970/970/970 921/921/921
f 922/922/922 923/923/923 972/972/972
f 972/972/972 971/971/971 922/922/922
f 923/923/923 924/924/924 973/973/973
f 973/973/973 972/972/972 923/923/923
f 924/924/924 925/925/925 974/974/974
f 974/974/974 973/973/973 924/924/924
f 925/925/925 926/926/926 975/975/975
f 975/975/975 974/974/974 925/925/925
f 926/926/926 927/927/927 976/976/976
f 976/976/976 975/975/975 926/926/926
f 927/927/927 928/928/928 977/977/977
f 977/977/977 976/976/976 927/927/927
f 928/928/928 929/929/929 978/978/978
f 978/978/978 977/977/977 928/928/928
f 929/929/929 930/930/930 979/979/979
f 979/979/979 978/978/978 929/929/929
f 930/930/930 931/931/931 980/980/980
f 980/980/980 979/979/979 930/930/930
f 932/932/932 933/933/933 982/982/982
f 982/982/982 981/981/981 932/932/932
f 933/933/933 934/934/934 983/983/983
f 983/983/983 982/982/982 933/933/933
f 934/934/934 935/935/935 984/984/984
f 984/984/984 983/983/983 934/934/934
f 935/935/935 936/936/936 985/985/985
f 985/985/985 984/984/984 935/935/935
f 936/936/936 937/937/937 986/986/986
f 986/986/986 985/985/985 936/936/936
f 937/937/937 938/938/938 987/987/987
f 987/987/987 986/986/986 937/937/937
f 938/938/938 939/939/939 988/988/988
f 988/988/988 987/987/987 938/938/938
f 939/939/939 940/940/940 989/989/989
f 989/989/989 988/988/988 939/939/939
f 940/940/940 941/941/941 990/990/990
f 990/990/990 989/989/989 940/940/940
f 941/941/941 942/942/942 991/991/991
f 991/991/991 990/990/990 941/941/941
f 942/942/942 943/943/943 992/992/992
f 992/992/992 991/991/991 942/942/942
f 943/943/943 944/944/944 993/993/993
f 993/993/993 992/992/992 943/943/943
f 944/944/944 945/945/945 994/994/994
f 994/994/994 993/993/993 944/944/944
f 945/945/945 946/946/946 995/995/995
f 995/995/995 994/994/994 945/945/945
f 946/946/946 947/947/947 996/996/996
f 996/996/996 995/995/995 946/946/946
f 947/947/947 948/948/948 997/997/997
f 997/997/997 996/996/996 947/947/947
f 948/948/948 949/949/949 998/998/998
f 998/998/998 997/997/997 948/948/948
f 949/949/949 950/950/950 999/999/999
f 999/999/999 998/998/998 949/949/949
f 950/950/950 951/951/951 1000/1000/1000
f 1000/1000/1000 999/999/999 950/950/950
f 951/951/951 952/952/952 1001/1001/1001
f 1001/1001/1001 1000/1000/1000 951/951/951
f 952/952/952 953/953/953 1002/1002/1002
f 1002/1002/1002 1001/1001/1001 952/952/952
f 953/953/953 954/954/954 1003/1003/1003
f 1003/1003/1003 1002/1002/1002 953/953/953
f 954/954/954 955/955/955 1004/1004/1004
f 1004/1004/1004 1003/1003/1003 954/954/954
f 955/955/955 956/956/956 1005/1005/1005
f 1005/1005/1005 1004/1004/1004 955/955/955
f 956/956/956 957/957/957 1006/1006/1006
f 1006/1006/1006 1005/1005/1005 956/956/956
f 957/957/957 958/958/958 1007/1007/1007
f 1007/1007/1007 1006/1006/1006 957/957/957
f 958/958/958 959/959/959 1008/1008/1008
f 1008/1008/1008 1007/1007/1007 958/958/958
f 959/959/959 960/960/960 1009/1009/1009
f 1009/1009/1009 1008/1008/1008 959/959/959
f 960/960/960 961/961/961 1010/1010/1010
f 1010/1010/1010 1009/1009/1009 960/960/960
f 961/961/961 962/962/962 1011/1011/1011
f 1011/1011/1011 1010/1010/1010 961/961/961
f 962/962/962 963/963/963 1012/1012/1012
f 1012/1012/1012 1011/1011/1011 962/962/962
f 963/963/963 964/964/964 1013/1013/1013
f 1013/1013/1013 1012/1012/1012 963/963/963
f 964/964/964 965/965/965 1014/1014/1014
f 1014/1014/1014 1013/1013/1013 964/964/964
f 965/965/965 966/966/966 1015/1015/1015
f 1015/1015/1015 1014/1014/1014 965/965/965
f 966/966/966 967/967/967 1016/1016/1016
f 1016/1016/1016 1015/1015/1015 966/966/966
f 967/967/967 968/968/968 1017/1017/1017
f 1017/1017/1017 1016/1016/1016 967/967/967
f 968/968/968 969/969/969 1018/1018/1018
f 1018/1018/1018 1017/1017/1017 968/968/968
f 969/969/969 970/970/970 1019/1019/1019
f 1019/1019/1019 1018/1018/1018 969/969/969
f 970/970/970 971/971/971 1020/1020/1020
f 1020/1020/1020 1019/1019/1019 970/970/970
f 971/971/971 972/972/972 1021/1021/1021
f 1021/1021/1021 1020/1020/1020 971/971/971
f 972/972/972 973/973/973 1022/1022/1022
f 1022/1022/1022 1021/1021/1021 972/972/972
f 973/973/973 974/974/974 1023/1023/1023
f 1023/1023/1023 1022/1022/1022 973/973/973
f 974/974/974 975/975/975 1024/1024/1024
f 1024/1024/1024 1023/1023/1023 974/974/974
f 975/975/975 976/976/976 1025/1025/1025
f 1025/1025/1025 1024/1024/1024 975/975/975
f 976/976/976 977/977/977 1026/1026/1026
f 1026/1026/1026 1025/1025/1025 976/976/976
f 977/977/977 978/978/978 1027/1027/1027
f 1027/1027/1027 1026/1026/1026 977/977/977
f 978/978/978 979/979/979 1028/1028/1028
f 1028/1028/1028 1027/1027/1027 978/978/978
f 979/979/979 980/980/980 1029/1029/1029
f 1029/1029/1029 1028/1028/1028 979/979/979
f 981/981/981 982/982/982 1031/1031/1031
f 1031/1031/1031 1030/1030/1030 981/981/981
f 982/982/982 983/983/983 1032/1032/1032
f 1032/1032/1032 1031/1031/1031 982/982/982
f 983/983/983 984/984/984 1033/1033/1033
f 1033/1033/1033 1032/1032/1032 983/983/983
f 984/984/984 985/985/985 1034/1034/1034
f 1034/1034/1034 1033/1033/1033 984/984/984
f 985/985/985 986/986/986 1035/1035/1035
f 1035/1035/1035 1034/1034/1034 985/985/985
f 986/986/986 987/987/987 1036/1036/1036
f 1036/1036/1036 1035/1035/1035 986/986/986
f 987/987/987 988/988/988 1037/1037/1037
f 1037/1037/1037 1036/1036/1036 987/987/987
f 988/988/988 989/989/989 1038/1038/1038
f 1038/1038/1038 1037/1037/1037 988/988/988
f 989/989/989 990/990/990 1039/1039/1039
f 1039/1039/1039 1038/1038/1038 989/989/989
f 990/990/990 991/991/991 1040/1040/1040
f 1040/1040/1040 1039/1039/1039 990/990/990
f 991/991/991 992/992/992 1041/1041/1041
f 1041/1041/1041 1040/1040/1040 991/991/991
f 992/992/992 993/993/993 1042/1042/1042
f 1042/1042/1042 1041/1041/1041 992/992/992
f 993/993/993 994/994/994 1043/1043/1043
f 1043/1043/1043 1042/1042/1042 993/993/993
f 994/994/994 995/995/995 1044/1044/1044
f 1044/1044/1044 1043/1043/1043 994/994/994
f 995/995/995 996/996/996 1045/1045/1045
f 1045/1045/1045 1044/1044/1044 995/995/995
f 996/996/996 997/997/997 1046/1046/1046
f 1046/1046/1046 1045/1045/1045 996/996/996
f 997/997/997 998/998/998 1047/1047/1047
f 1047/1047/1047 1046/1046/1046 997/997/997
f 998/998/998 999/999/999 1048/1048/1048
f 1048/1048/1048 1047/1047/1047 998/998/998
f 999/999/999 1000/1000/1000 1049/1049/1049
f 1049/1049/1049 1048/1048/1048 999/999/999
f 1000/1000/1000 1001/1001/1001 1050/1050/1050
f 1050/1050/1050 1049/1049/1049 1000/1000/1000
f 1001/1001/1001 1002/1002/1002 1051/1051/1051
f 1051/1051/1051 1050/1050/1050 1001/1001/1001
f 1002/1002/1002 1003/1003/1003 1052/1052/1052
f 1052/1052/1052 1051/1051/1051 1002/1002/1002
f 1003/1003/1003 1004/1004/1004 1053/1053/1053
f 1053/1053/1053 1052/1052/1052 1003/1003/1003
f 1004/1004/1004 1005/1005/1005 1054/1054/1054
f 1054/1054/1054 1053/1053/1053 1004/1004/1004
f 1005/1005/1005 1006/1006/1006 1055/1055/1055
f 1055/1055/1055 1054/1054/1054 1005/1005/1005
f 1006/1006/1006 1007/1007/1007 1056/1056/1056
f 1056/1056/1056 1055/1055/1055 1006/1006/1006
f 1007/1007/1007 1008/1008/1008 1057/1057/1057
f 1057/1057/1057 1056/1056/1056 1007/1007/1007
f 1008/1008/1008 1009/1009/1009 1058/1058/1058
f 1058/1058/1058 1057/1057/1057 1008/1008/1008
f 1009/1009/1009 1010/1010/1010 1059/1059/1059
f 1059/1059/1059 1058/1058/1058 1009/1009/1009
f 1010/1010/1010 1011/1011/1011 1060/1060/1060
f 1060/1060/1060 1059/1059/1059 1010/1010/1010
f 1011/1011/1011 1012/1012/1012 1061/1061/1061
f 1061/1061/1061 1060/1060/1060 1011/1011/1011
f 1012/1012/1012 1013/1013/1013 1062/1062/1062
f 1062/1062/1062 1061/1061/1061 1012/1012/1012
f 1013/1013/1013 1014/1014/1014 1063/1063/1063
f 1063/1063/1063 1062/1062/1062 1013/1013/1013
f 1014/1014/1014 1015/1015/1015 1064/1064/1064
f 1064/1064/1064 1063/1063/1063 1014/1014/1014
f 1015/1015/1015 1016/1016/1016 1065/1065/1065
f 1065/1065/1065 1064/1064/1064 1015/1015/1015
f 1016/1016/1016 1017/1017/1017 1066/1066/1066
f 1066/1066/1066 1065/1065/1065 1016/1016/1016
f 1017/1017/1017 1018/1018/1018 1067/1067/1067
f 1067/1067/1067 1066/1066/1066 1017/1017/1017
f 1018/1018/1018 1019/1019/1019 1068/1068/1068
f 1068/1068/1068 1067/1067/1067 1018/1018/1018
f 1019/1019/1019 1020/1020/1020 1069/1069/1069
f 1069/1069/1069 1068/1068/1068 1019/1019/1019
f 1020/1020/1020 1021/1021/1021 1070/1070/1070
f 1070/1070/1070 1069/1069/1069 1020/1020/1020
f 1021/1021/1021 1022/1022/1022 1071/1071/1071
f 1071/1071/1071 1070/1070/1070 1021/1021/1021
f 1022/1022/1022 1023/1023/1023 1072/1072/1072
f 1072/1072/1072 1071/1071/1071 1022/1022/1022
f 1023/1023/1023 1024/1024/1024 1073/1073/1073
f 1073/1073/1073 1072/1072/1072 1023/1023/1023
f 1024/1024/1024 1025/1025/1025 1074/1074/1074
f 1074/1074/1074 1073/1073/1073 1024/1024/1024
f 1025/1025/1025 1026/1026/1026 1075/1075/1075
f 1075/1075/1075 1074/1074/1074 1025/1025/1025
f 1026/1026/1026 1027/1027/1027 1076/1076/1076
f 1076/1076/1076 1075/1075/1075 1026/1026/1026
f 1027/1027/1027 1028/1028/1028 1077/1077/1077
f 1077/1077/1077 1076/1076/1076 1027/1027/1027
f 1028/1028/1028 1029/1029/1029 1078/1078/1078
f 1078/1078/1078 1077/1077/1077 1028/1028/1028
f 1030/1030/1030 1031/1031/1031 1080/1080/1080
f 1080/1080/1080 1079/1079/1079 1030/1030/1030
f 1031/1031/1031 1032/1032/1032 1081/1081/1081
f 1081/1081/1081 1080/1080/1080 1031/1031/1031
f 1032/1032/1032 1033/1033/1033 1082/1082/1082
f 1082/1082/1082 1081/1081/1081 1032/1032/1032
f 1033/1033/1033 1034/1034/1034 1083/1083/1083
f 1083/1083/1083 1082/1082/1082 1033/1033/1033
f 1034/1034/1034 1035/1035/1035 1084/1084/1084
f 1084/1084/1084 1083/1083/1083 1034/1034/1034
f 1035/1035/1035 1036/1036/1036 1085/1085/1085
f 1085/1085/1085 1084/1084/1084 1035/1035/1035
f 1036/1036/1036 1037/1037/1037 1086/1086/1086
f 1086/1086/1086 1085/1085/1085 1036/1036/1036
f 1037/1037/1037 1038/1038/1038 1087/1087/1087
f 1087/1087/1087 1086/1086/1086 1037/1037/1037
f 1038/1038/1038 1039/1039/1039 1088/1088/1088
f 1088/1088/1088 1087/1087/1087 1038/1038/1038
f 1039/1039/1039 1040/1040/1040 1089/1089/1089
f 1089/1089/1089 1088/1088/1088 1039/1039/1039
f 1040/1040/1040 1041/1041/1041 1090/1090/1090
f 1090/1090/1090 1089/1089/1089 1040/1040/1040
f 1041/1041/1041 1042/1042/1042 1091/1091/1091
f 1091/1091/1091 1090/1090/1090 1041/1041/1041
f 1042/1042/1042 1043/1043/1043 1092/1092/1092
f 1092/1092/1092 1091/1091/1091 1042/1042/1042
f 1043/1043/1043 1044/1044/1044 1093/1093/1093
f 1093/1093/1093 1092/1092/1092 1043/1043/1043
f 1044/1044/1044 1045/1045/1045 1094/1094/1094
f 1094/1094/1094 1093/1093/1093 1044/1044/1044
f 1045/1045/1045 1046/1046/1046 1095/1095/1095
f 1095/1095/1095 1094/1094/1094 1045/1045/1045
f 1046/1046/1046 1047/1047/1047 1096/1096/1096
f 1096/1096/1096 1095/1095/1095 1046/1046/1046
f 1047/1047/1047 1048/1048/1048 1097/1097/1097
f 1097/1097/1097 1096/1096/1096 1047/1047/1047
f 1048/1048/1048 1049/1049/1049 1098/1098/1098
f 1098/1098/1098 1097/1097/1097 1048/1048/1048
f 1049/1049/1049 1050/1050/1050 1099/1099/1099
f 1099/1099/1099 1098/1098/1098 1049/1049/1049
f 1050/1050/1050 1051/1051/1051 1100/1100/1100
f 1100/1100/1100 1099/1099/1099 1050/1050/1050
f 1051/1051/1051 1052/1052/1052 1101/1101/1101
f 1101/1101/1101 1100/1100/1100 1051/1051/1051
f 1052/1052/1052 1053/1053/1053 1102/1102/1102
f 1102/1102/1102 1101/1101/1101 1052/1052/1052
f 1053/1053/1053 1054/1054/1054 1103/1103/1103
f 1103/1103/1103 1102/1102/1102 1053/1053/1053
f 1054/1054/1054 1055/1055/1055 1104/1104/1104
f 1104/1104/1104 1103/1103/1103 1054/1054/1054
f 1055/1055/1055 1056/1056/1056 1105/1105/1105
f 1105/1105/1105 1104/1104/1104 1055/1055/1055
f 1056/1056/1056 1057/1057/1057 1106/1106/1106
f 1106/1106/1106 1105/1105/1105 1056/1056/1056
f 1057/1057/1057 1058/1058/1058 1107/1107/1107
f 1107/1107/1107 1106/1106/1106 1057/1057/1057
f 1058/1058/1058 1059/1059/1059 1108/1108/1108
f 1108/1108/1108 1107/1107/1107 1058/1058/1058
f 1059/1059/1059 1060/1060/1060 1109/1109/1109
f 1109/1109/1109 1108/1108/1108 1059/1059/1059
f 1060/1060/1060 1061/1061/1061 1110/1110/1110
f 1110/1110/1110 1109/1109/1109 1060/1060/1060
f 1061/1061/1061 1062/1062/1062 1111/1111/1111
f 1111/1111/1111 1110/1110/1110 1061/1061/1061
f 1062/1062/1062 1063/1063/1063 1112/1112/1112
f 1112/1112/1112 1111/1111/1111 1062/1062/1062
f 1063/1063/1063 1064/1064/1064 1113/1113/1113
f 1113/1113/1113 1112/1112/1112 1063/1063/1063
f 1064/1064/1064 1065/1065/1065 1114/1114/1114
f 1114/1114/1114 1113/1113/1113 1064/1064/1064
f 1065/1065/1065 1066/1066/1066 1115/1115/1115
f 1115/1115/1115 1114/1114/1114 1065/1065/1065
f 1066/1066/1066 1067/1067/1067 1116/1116/1116
f 1116/1116/1116 1115/1115/1115 1066/1066/1066
f 1067/1067/1067 1068/1068/1068 1117/1117/1117
f 1117/1117/1117 1116/1116/1116 1067/1067/1067
f 1068/1068/1068 1069/1069/1069 1118/1118/1118
f 1118/1118/1118 1117/1117/1117 1068/1068/1068
f 1069/1069/1069 1070/1070/1070 1119/1119/1119
f 1119/1119/1119 1118/1118/1118 1069/1069/1069
f 1070/1070/1070 1071/1071/1071 1120/1120/1120
f 1120/1120/1120 1119/1119/1119 1070/1070/1070
f 1071/1071/1071 1072/1072/1072 1121/1121/1121
f 1121/1121/1121 1120/1120/1120 1071/1071/1071
f 1072/1072/1072 1073/1073/1073 1122/1122/1122
f 1122/1122/1122 1121/1121/1121 1072/1072/1072
f 1073/1073/1073 1074/1074/1074 1123/1123/1123
f 1123/1123/1123 1122/1122/1122 1073/1073/1073
f 1074/1074/1074 1075/1075/1075 1124/1124/1124
f 1124/1124/1124 1123/1123/1123 1074/1074/1074
f 1075/1075/1075 1076/1076/1076 1125/1125/1125
f 1125/1125/1125 1124/1124/1124 1075/1075/1075
f 1076/1076/1076 1077/1077/1077 1126/1126/1126
f 1126/1126/1126 1125/1125/1125 1076/1076/1076
f 1077/1077/1077 1078/1078/1078 1127/1127/1127
f 1127/1127/1127 1126/1126/1126 1077/1077/1077
f 1079/1079/1079 1080/1080/1080 1129/1129/1129
f 1129/1129/1129 1128/1128/1128 1079/1079/1079
f 1080/1080/1080 1081/1081/1081 1130/1130/1130
f 1130/1130/1130 1129/1129/1129 1080/1080/1080
f 1081/1081/1081 1082/1082/1082 1131/1131/1131
f 1131/1131/1131 1130/1130/1130 1081/1081/1081
f 1082/1082/1082 1083/1083/1083 1132/1132/1132
f 1132/1132/1132 1131/1131/1131 1082/1082/1082
f 1083/1083/1083 1084/1084/1084 1133/1133/1133
f 1133/1133/1133 1132/1132/1132 1083/1083/1083
f 1084/1084/1084 1085/1085/1085 1134/1134/1134
f 1134/1134/1134 1133/1133/1133 1084/1084/1084
f 1085/1085/1085 1086/1086/1086 1135/1135/1135
f 1135/1135/1135 1134/1134/1134 1085/1085/1085
f 1086/1086/1086 1087/1087/1087 1136/1136/1136
f 1136/1136/1136 1135/1135/1135 1086/1086/1086
f 1087/1087/1087 1088/1088/1088 1137/1137/1137
f 1137/1137/1137 1136/1136/1136 1087/1087/1087
f 1088/1088/1088 1089/1089/1089 1138/1138/1138
f 1138/1138/1138 1137/1137/1137 1088/1088/1088
f 1089/1089/1089 1090/1090/1090 1139/1139/1139
f 1139/1139/1139 1138/1138/1138 1089/1089/1089
f 1090/1090/1090 1091/1091/1091 1140/1140/1140
f 1140/1140/1140 1139/1139/1139 1090/1090/1090
f 1091/1091/1091 1092/1092/1092 1141/1141/1141
f 1141/1141/1141 1140/1140/1140 1091/1091/1091
f 1092/1092/1092 1093/1093/1093 1142/1142/1142
f 1142/1142/1142 1141/1141/1141 1092/1092/1092
f 1093/1093/1093 1094/1094/1094 1143/1143/1143
f 1143/1143/1143 1142/1142/1142 1093/1093/1093
f 1094/1094/1094 1095/1095/1095 1144/1144/1144
f 1144/1144/1144 1143/1143/1143 1094/1094/1094
f 1095/1095/1095 1096/1096/1096 1145/1145/1145
f 1145/1145/1145 1144/1144/1144 1095/1095/1095
f 1096/1096/1096 1097/1097/1097 1146/1146/1146
f 1146/1146/1146 1145/1145/1145 1096/1096/1096
f 1097/1097/1097 1098/1098/1098 1147/1147/1147
f 1147/1147/1147 1146/1146/1146 1097/1097/1097
f 1098/1098/1098 1099/1099/1099 1148/1148/1148
f 1148/1148/1148 1147/1147/1147 1098/1098/1098
f 1099/1099/1099 1100/1100/1100 1149/1149/1149
f 1149/1149/1149 1148/1148/1148 1099/1099/1099
f 1100/1100/1100 1101/1101/1101 1150/1150/1150
f 1150/1150/1150 1149/1149/1149 1100/1100/1100
f 1101/1101/1101 1102/1102/1102 1151/1151/1151
f 1151/1151/1151 1150/1150/1150 1101/1101/1101
f 1102/1102/1102 1103/1103/1103 1152/1152/1152
f 1152/1152/1152 1151/1151/1151 1102/1102/1102
f 1103/1103/1103 1104/1104/1104 1153/1153/1153
f 1153/1153/1153 1152/1152/1152 1103/1103/1103
f 1104/1104/1104 1105/1105/1105 1154/1154/1154
f 1154/1154/1154 1153/1153/1153 1104/1104/1104
f 1105/1105/1105 1106/1106/1106 1155/1155/1155
f 1155/1155/1155 1154/1154/1154 1105/1105/1105
f 1106/1106/1106 1107/1107/1107 1156/1156/1156
f 1156/1156/1156 1155/1155/1155 1106/1106/1106
f 1107/1107/1107 1108/1108/1108 1157/1157/1157
f 1157/1157/1157 1156/1156/1156 1107/1107/1107
f 1108/1108/1108 1109/1109/1109 1158/1158/1158
f 1158/1158/1158 1157/1157/1157 1108/1108/1108
f 1109/1109/1109 1110/1110/1110 1159/1159/1159
f 1159/1159/1159 1158/1158/1158 1109/1109/1109
f 1110/1110/1110 1111/1111/1111 1160/1160/1160
f 1160/1160/1160 1159/1159/1159 1110/1110/1110
f 1111/1111/1111 1112/1112/1112 1161/1161/1161
f 1161/1161/1161 1160/1160/1160 1111/1111/1111
f 1112/1112/1112 1113/1113/1113 1162/1162/1162
f 1162/1162/1162 1161/1161/1161 1112/1112/1112
f 1113/1113/1113 1114/1114/1114 1163/1163/1163
f 1163/1163/1163 1162/1162/1162 1113/1113/1113
f 1114/1114/1114 1115/1115/1115 1164/1164/1164
f 1164/1164/1164 1163/1163/1163 1114/1114/1114
f 1115/1115/1115 1116/1116/1116 1165/1165/1165
f 1165/1165/1165 1164/1164/1164 1115/1115/1115
f 1116/1116/1116 1117/1117/1117 1166/1166/1166
f 1166/1166/1166 1165/1165/1165 1116/1116/1116
f 1117/1117/1117 1118/1118/1118 1167/1167/1167
f 1167/1167/1167 1166/1166/1166 1117/1117/1117
f 1118/1118/1118 1119/1119/1119 1168/1168/1168
f 1168/1168/1168 1167/1167/1167 1118/1118/1118
f 1119/1119/1119 1120/1120/1120 1169/1169/1169
f 1169/1169/1169 1168/1168/1168 1119/1119/1119
f 1120/1120/1120 1121/1121/1121 1170/1170/1170
f 1170/1170/1170 1169/1169/1169 1120/1120/1120
f 1121/1121/1121 1122/1122/1122 1171/1171/1171
f 1171/1171/1171 1170/1170/1170 1121/1121/1121
f 1122/1122/1122 1123/1123/1123 1172/1172/1172
f 1172/1172/1172 1171/1171/1171 1122/1122/1122
f 1123/1123/1123 1124/1124/1124 1173/1173/1173
f 1173/1173/1173 1172/1172/1172 1123/1123/1123
f 1124/1124/1124 1125/1125/1125 1174/1174/1174
f 1174/1174/1174 1173/1173/1173 1124/1124/1124
f 1125/1125/1125 1126/1126/1126 1175/1175/1175
f 1175/1175/1175 1174/1174/1174 1125/1125/1125
f 1126/1126/1126 1127/1127/1127 1176/1176/1176
f 1176/1176/1176 1175/1175/1175 1126/1126/1126
f 1128/1128/1128 1129/1129/1129 1178/1178/1178
f 1178/1178/1178 1177/1177/1177 1128/1128/1128
f 1129/1129/1129 1130/1130/1130 1179/1179/1179
f 1179/1179/1179 1178/1178/1178 1129/1129/1129
f 1130/1130/1130 1131/1131/1131 1180/1180/1180
f 1180/1180/1180 1179/1179/1179 1130/1130/1130
f 1131/1131/1131 1132/1132/1132 1181/1181/1181
f 1181/1181/1181 1180/1180/1180 1131/1131/1131
f 1132/1132/1132 1133/1133/1133 1182/1182/1182
f 1182/1182/1182 1181/1181/1181 1132/1132/1132
f 1133/1133/1133 1134/1134/1134 1183/1183/1183
f 1183/1183/1183 1182/1182/1182 1133/1133/1133
f 1134/1134/1134 1135/1135/1135 1184/1184/1184
f 1184/1184/1184 1183/1183/1183 1134/1134/1134
f 1135/1135/1135 1136/1136/1136 1185/1185/1185
f 1185/1185/1185 1184/1184/1184 1135/1135/1135
f 1136/1136/1136 1137/1137/1137 1186/1186/1186
f 1186/1186/1186 1185/1185/1185 1136/1136/1136
f 1137/1137/1137 1138/1138/1138 1187/1187/1187
f 1187/1187/1187 1186/1186/1186 1137/1137/1137
f 1138/1138/1138 1139/1139/1139 1188/1188/1188
f 1188/1188/1188 1187/1187/1187 1138/1138/1138
f 1139/1139/1139 1140/1140/1140 1189/1189/1189
f 1189/1189/1189 1188/1188/1188 1139/1139/1139
f 1140/1140/1140 1141/1141/1141 1190/1190/1190
f 1190/1190/1190 1189/1189/1189 1140/1140/1140
f 1141/1141/1141 1142/1142/1142 1191/1191/1191
f 1191/1191/1191 1190/1190/1190 1141/1141/1141
f 1142/1142/1142 1143/1143/1143 1192/1192/1192
f 1192/1192/1192 1191/1191/1191 1142/1142/1142
f 1143/1143/1143 1144/1144/1144 1193/1193/1193
f 1193/1193/1193 1192/1192/1192 1143/1143/1143
f 1144/1144/1144 1145/1145/1145 1194/1194/1194
f 1194/1194/1194 1193/1193/1193 1144/1144/1144
f 1145/1145/1145 1146/1146/1146 1195/1195/1195
f 1195/1195/1195 1194/1194/1194 1145/1145/1145
f 1146/1146/1146 1147/1147/1147 1196/1196/1196
f 1196/1196/1196 1195/1195/1195 1146/1146/1146
f 1147/1147/1147 1148/1148/1148 1197/1197/1197
f 1197/1197/1197 1196/1196/1196 1147/1147/1147
f 1148/1148/1148 1149/1149/1149 1198/1198/1198
f 1198/1198/1198 1197/1197/1197 1148/1148/1148
f 1149/1149/1149 1150/1150/1150 1199/1199/1199
f 1199/1199/1199 1198/1198/1198 1149/1149/1149
f 1150/1150/1150 1151/1151/1151 1200/1200/1200
f 1200/1200/1200 1199/1199/1199 1150/1150/1150
f 1151/1151/1151 1152/1152/1152 1201/1201/1201
f 1201/1201/1201 1200/1200/1200 1151/1151/1151
f 1152/1152/1152 1153/1153/1153 1202/1202/1202
f 1202/1202/1202 1201/1201/1201 1152/1152/1152
f 1153/1153/1153 1154/1154/1154 1203/1203/1203
f 1203/1203/1203 1202/1202/1202 1153/1153/1153
f 1154/1154/1154 1155/1155/1155 1204/1204/1204
f 1204/1204/1204 1203/1203/1203 1154/1154/1154
f 1155/1155/1155 1156/1156/1156 1205/1205/1205
f 1205/1205/1205 1204/1204/1204 1155/1155/1155
f 1156/1156/1156 1157/1157/1157 1206/1206/1206
f 1206/1206/1206 1205/1205/1205 1156/1156/1156
f 1157/1157/1157 1158/1158/1158 1207/1207/1207
f 1207/1207/1207 1206/1206/1206 1157/1157/1157
f 1158/1158/1158 1159/1159/1159 1208/1208/1208
f 1208/1208/1208 1207/1207/1207 1158/1158/1158
f 1159/1159/1159 1160/1160/1160 1209/1209/1209
f 1209/1209/1209 1208/1208/1208 1159/1159/1159
f 1160/1160/1160 1161/1161/1161 1210/1210/1210
f 1210/1210/1210 1209/1209/1209 1160/1160/1160
f 1161/1161/1161 1162/1162/1162 1211/1211/1211
f 1211/1211/1211 1210/1210/1210 1161/1161/1161
f 1162/1162/1162 1163/1163/1163 1212/1212/1212
f 1212/1212/1212 1211/1211/1211 1162/1162/1162
f 1163/1163/1163 1164/1164/1164 1213/1213/1213
f 1213/1213/1213 1212/1212/1212 1163/1163/1163
f 1164/1164/1164 1165/1165/1165 1214/1214/1214
f 1214/1214/1214 1213/1213/1213 1164/1164/1164
f 1165/1165/1165 1166/1166/1166 1215/1215/1215
f 1215/1215/1215 1214/1214/1214 1165/1165/1165
f 1166/1166/1166 1167/1167/1167 1216/1216/1216
f 1216/1216/1216 1215/1215/1215 1166/1166/1166
f 1167/1167/1167 1168/1168/1168 1217/1217/1217
f 1217/1217/1217 1216/1216/1216 1167/1167/1167
f 1168/1168/1168 1169/1169/1169 1218/1218/1218
f 1218/1218/1218 1217/1217/1217 1168/1168/1168
f 1169/1169/1169 1170/1170/1170 1219/1219/1219
f 1219/1219/1219 1218/1218/1218 1169/1169/1169
f 1170/1170/1170 1171/1171/1171 1220/1220/1220
f 1220/1220/1220 1219/1219/1219 1170/1170/1170
f 1171/1171/1171 1172/1172/1172 1221/1221/1221
f 1221/1221/1221 1220/1220/1220 1171/1171/1171
f 1172/1172/1172 1173/1173/1173 1222/1222/1222
f 1222/1222/1222 1221/1221/1221 1172/1172/1172
f 1173/1173/1173 1174/1174/1174 1223/1223/1223
f 1223/1223/1223 1222/1222/1222 1173/1173/1173
f 1174/1174/1174 1175/1175/1175 1224/1224/1224
f 1224/1224/1224 1223/1223/1223 1174/1174/1174
f 1175/1175/1175 1176/1176/1176 1225/1225/1225
f 1225/1225/1225 1224/1224/1224 1175/1175/1175
f 1177/1177/1177 1178/1178/1178 1227/1227/1227
f 1227/1227/1227 1226/1226/1226 1177/1177/1177
f 1178/1178/1178 1179/1179/1179 1228/1228/1228
f 1228/1228/1228 1227/1227/1227 1178/1178/1178
f 1179/1179/1179 1180/1180/1180 1229/1229/1229
f 1229/1229/1229 1228/1228/1228 1179/1179/1179
f 1180/1180/1180 1181/1181/1181 1230/1230/1230
f 1230/1230/1230 1229/1229/1229 1180/1180/1180
f 1181/1181/1181 1182/1182/1182 1231/1231/1231
f 1231/1231/1231 1230/1230/1230 1181/1181/1181
f 1182/1182/1182 1183/1183/1183 1232/1232/1232
f 1232/1232/1232 1231/1231/1231 1182/1182/1182
f 1183/1183/1183 1184/1184/1184 1233/1233/1233
f 1233/1233/1233 1232/1232/1232 1183/1183/1183
f 1184/1184/1184 1185/1185/1185 1234/1234/1234
f 1234/1234/1234 1233/1233/1233 1184/1184/1184
f 1185/1185/1185 1186/1186/1186 1235/1235/1235
f 1235/1235/1235 1234/1234/1234 1185/1185/1185
f 1186/1186/1186 1187/1187/1187 1236/1236/1236
f 1236/1236/1236 1235/1235/1235 1186/1186/1186
f 1187/1187/1187 1188/1188/1188 1237/1237/1237
f 1237/1237/1237 1236/1236/1236 1187/1187/1187
f 1188/1188/1188 1189/1189/1189 1238/1238/1238
f 1238/1238/1238 1237/1237/1237 1188/1188/1188
f 1189/1189/1189 1190/1190/1190 1239/1239/1239
f 1239/1239/1239 1238/1238/1238 1189/1189/1189
f 1190/1190/1190 1191/1191/1191 1240/1240/1240
f 1240/1240/1240 1239/1239/1239 1190/1190/1190
f 1191/1191/1191 1192/1192/1192 1241/1241/1241
f 1241/1241/1241 1240/1240/1240 1191/1191/1191
f 1192/1192/1192 1193/1193/1193 1242/1242/1242
f 1242/1242/1242 1241/1241/1241 1192/1192/1192
f 1193/1193/1193 1194/1194/1194 1243/1243/1243
f 1243/1243/1243 1242/1242/1242 1193/1193/1193
f 1194/1194/1194 1195/1195/1195 1244/1244/1244
f 1244/1244/1244 1243/1243/1243 1194/1194/1194
f 1195/1195/1195 1196/1196/1196 1245/1245/1245
f 1245/1245/1245 1244/1244/1244 1195/1195/1195
f 1196/1196/1196 1197/1197/1197 1246/1246/1246
f 1246/1246/1246 1245/1245/1245 1196/1196/1196
f 1197/1197/1197 1198/1198/1198 1247/1247/1247
f 1247/1247/1247 1246/1246/1246 1197/1197/1197
f 1198/1198/1198 1199/1199/1199 1248/1248/1248
f 1248/1248/1248 1247/1247/1247 1198/1198/1198
f 1199/1199/1199 1200/1200/1200 1249/1249/1249
f 1249/1249/1249 1248/1248/1248 1199/1199/1199
f 1200/1200/1200 1201/1201/1201 1250/1250/1250
f 1250/1250/1250 1249/1249/1249 1200/1200/1200
f 1201/1201/1201 1202/1202/1202 1251/1251/1251
f 1251/1251/1251 1250/1250/1250 1201/1201/1201
f 1202/1202/1202 1203/1203/1203 1252/1252/1252
f 1252/1252/1252 1251/1251/1251 1202/1202/1202
f 1203/1203/1203 1204/1204/1204 1253/1253/1253
f 1253/1253/1253 1252/1252/1252 1203/1203/1203
f 1204/1204/1204 1205/1205/1205 1254/1254/1254
f 1254/1254/1254 1253/1253/1253 1204/1204/1204
f 1205/1205/1205 1206/1206/1206 1255/1255/1255
f 1255/1255/1255 1254/1254/1254 1205/1205/1205
f 1206/1206/1206 1207/1207/1207 1256/1256/1256
f 1256/1256/1256 1255/1255/1255 1206/1206/1206
f 1207/1207/1207 1208/1208/1208 1257/1257/1257
f 1257/1257/1257 1256/1256/1256 1207/1207/1207
f 1208/1208/1208 1209/1209/1209 1258/1258/1258
f 1258/1258/1258 1257/1257/1257 1208/1208/1208
f 1209/1209/1209 1210/1210/1210 1259/1259/1259
f 1259/1259/1259 1258/1258/1258 1209/1209/1209
f 1210/1210/1210 1211/1211/1211 1260/1260/1260
f 1260/1260/1260 1259/1259/1259 1210/1210/1210
f 1211/1211/1211 1212/1212/1212 1261/1261/1261
f 1261/1261/1261 1260/1260/1260 1211/1211/1211
f 1212/1212/1212 1213/1213/1213 1262/1262/1262
f 1262/1262/1262 1261/1261/1261 1212/1212/1212
f 1213/1213/1213 1214/1214/1214 1263/1263/1263
f 1263/1263/1263 1262/1262/1262 1213/1213/1213
f 1214/1214/1214 1215/1215/1215 1264/1264/1264
f 1264/1264/1264 1263/1263/1263 1214/1214/1214
f 1215/1215/1215 1216/1216/1216 1265/1265/1265
f 1265/1265/1265 1264/1264/1264 1215/1215/1215
f 1216/1216/1216 1217/1217/1217 1266/1266/1266
f 1266/1266/1266 1265/1265/1265 1216/1216/1216
f 1217/1217/1217 1218/1218/1218 1267/1267/1267
f 1267/1267/1267 1266/1266/1266 1217/1217/1217
f 1218/1218/1218 1219/1219/1219 1268/1268/1268
f 1268/1268/1268 1267/1267/1267 1218/1218/1218
f 1219/1219/1219 1220/1220/1220 1269/1269/1269
f 1269/1269/1269 1268/1268/1268 1219/1219/1219
f 1220/1220/1220 1221/1221/1221 1270/1270/1270
f 1270/1270/1270 1269/1269/1269 1220/1220/1220
f 1221/1221/1221 1222/1222/1222 1271/1271/1271
f 1271/1271/1271 1270/1270/1270 1221/1221/1221
f 1222/1222/1222 1223/1223/1223 1272/1272/1272
f 1272/1272/1272 1271/1271/1271 1222/1222/1222
f 1223/1223/1223 1224/1224/1224 1273/1273/1273
f 1273/1273/1273 1272/1272/1272 1223/1223/1223
f 1224/1224/1224 1225/1225/1225 1274/1274/1274
f 1274/1274/1274 1273/1273/1273 1224/1224/1224
f 1226/1226/1226 1227/1227/1227 1276/1276/1276
f 1276/1276/1276 1275/1275/1275 1226/1226/1226
f 1227/1227/1227 1228/1228/1228 1277/1277/1277
f 1277/1277/1277 1276/1276/1276 1227/1227/1227
f 1228/1228/1228 1229/1229/1229 1278/1278/1278
f 1278/1278/1278 1277/1277/1277 1228/1228/1228
f 1229/1229/1229 1230/1230/1230 1279/1279/1279
f 1279/1279/1279 1278/1278/1278 1229/1229/1229
f 1230/1230/1230 1231/1231/1231 1280/1280/1280
f 1280/1280/1280 1279/1279/1279 1230/1230/1230
f 1231/1231/1231 1232/1232/1232 1281/1281/1281
f 1281/1281/1281 1280/1280/1280 1231/1231/1231
f 1232/1232/1232 1233/1233/1233 1282/1282/1282
f 1282/1282/1282 1281/1281/1281 1232/1232/1232
f 1233/1233/1233 1234/1234/1234 1283/1283/1283
f 1283/1283/1283 1282/1282/1282 1233/1233/1233
f 1234/1234/1234 1235/1235/1235 1284/1284/1284
f 1284/1284/1284 1283/1283/1283 1234/1234/1234
f 1235/1235/1235 1236/1236/1236 1285/1285/1285
f 1285/1285/1285 1284/1284/1284 1235/1235/1235
f 1236/1236/1236 1237/1237/1237 1286/1286/1286
f 1286/1286/1286 1285/1285/1285 1236/1236/1236
f 1237/1237/1237 1238/1238/1238 1287/1287/1287
f 1287/1287/1287 1286/1286/1286 1237/1237/1237
f 1238/1238/1238 1239/1239/1239 1288/1288/1288
f 1288/1288/1288 1287/1287/1287 1238/1238/1238
f 1239/1239/1239 1240/1240/1240 1289/1289/1289
f 1289/1289/1289 1288/1288/1288 1239/1239/1239
f 1240/1240/1240 1241/1241/1241 1290/1290/1290
f 1290/1290/1290 1289/1289/1289 1240/1240/1240
f 1241/1241/1241 1242/1242/1242 1291/1291/1291
f 1291/1291/1291 1290/1290/1290 1241/1241/1241
f 1242/1242/1242 1243/1243/1243 1292/1292/1292
f 1292/1292/1292 1291/1291/1291 1242/1242/1242
f 1243/1243/1243 1244/1244/1244 1293/1293/1293
f 1293/1293/1293 1292/1292/1292 1243/1243/1243
f 1244/1244/1244 1245/1245/1245 1294/1294/1294
f 1294/1294/1294 1293/1293/1293 1244/1244/1244
f 1245/1245/1245 1246/1246/1246 1295/1295/1295
f 1295/1295/1295 1294/1294/1294 1245/1245/1245
f 1246/1246/1246 1247/1247/1247 1296/1296/1296
f 1296/1296/1296 1295/1295/1295 1246/1246/1246
f 1247/1247/1247 1248/1248/1248 1297/1297/1297
f 1297/1297/1297 1296/1296/1296 1247/1247/1247
f 1248/1248/1248 1249/1249/1249 1298/1298/1298
f 1298/1298/1298 1297/1297/1297 1248/1248/1248
f 1249/1249/1249 1250/1250/1250 1299/1299/1299
f 1299/1299/1299 1298/1298/1298 1249/1249/1249
f 1250/1250/1250 1251/1251/1251 1300/1300/1300
f 1300/1300/1300 1299/1299/1299 1250/1250/1250
f 1251/1251/1251 1252/1252/1252 1301/1301/1301
f 1301/1301/1301 1300/1300/1300 1251/1251/1251
f 1252/1252/1252 1253/1253/1253 1302/1302/1302
f 1302/1302/1302 1301/1301/1301 1252/1252/1252
f 1253/1253/1253 1254/1254/1254 1303/1303/1303
f 1303/1303/1303 1302/1302/1302 1253/1253/1253
f 1254/1254/1254 1255/1255/1255 1304/1304/1304
f 1304/1304/1304 1303/1303/1303 1254/1254/1254
f 1255/1255/1255 1256/1256/1256 1305/1305/1305
f 1305/1305/1305 1304/1304/1304 1255/1255/1255
f 1256/1256/1256 1257/1257/1257 1306/1306/1306
f 1306/1306/1306 1305/1305/1305 1256/1256/1256
f 1257/1257/1257 1258/1258/1258 1307/1307/1307
f 1307/1307/1307 1306/1306/1306 1257/1257/1257
f 1258/1258/1258 1259/1259/1259 1308/1308/1308
f 1308/1308/1308 1307/1307/1307 1258/1258/1258
f 1259/1259/1259 1260/1260/1260 1309/1309/1309
f 1309/1309/1309 1308/1308/1308 1259/1259/1259
f 1260/1260/1260 1261/1261/1261 1310/1310/1310
f 1310/1310/1310 1309/1309/1309 1260/1260/1260
f 1261/1261/1261 1262/1262/1262 1311/1311/1311
f 1311/1311/1311 1310/1310/1310 1261/1261/1261
f 1262/1262/1262 1263/1263/1263 1312/1312/1312
f 1312/1312/1312 1311/1311/1311 1262/1262/1262
f 1263/1263/1263 1264/1264/1264 1313/1313/1313
f 1313/1313/1313 1312/1312/1312 1263/1263/1263
f 1264/1264/1264 1265/1265/1265 1314/1314/1314
f 1314/1314/1314 1313/1313/1313 1264/1264/1264
f 1265/1265/1265 1266/1266/1266 1315/1315/1315
f 1315/1315/1315 1314/1314/1314 1265/1265/1265
f 1266/1266/1266 1267/1267/1267 1316/1316/1316
f 1316/1316/1316 1315/1315/1315 1266/1266/1266
f 1267/1267/1267 1268/1268/1268 1317/1317/1317
f 1317/1317/1317 1316/1316/1316 1267/1267/1267
f 1268/1268/1268 1269/1269/1269 1318/1318/1318
f 1318/1318/1318 1317/1317/1317 1268/1268/1268
f 1269/1269/1269 1270/1270/1270 1319/1319/1319
f 1319/1319/1319 1318/1318/1318 1269/1269/1269
f 1270/1270/1270 1271/1271/1271 1320/1320/1320
f 1320/1320/1320 1319/1319/1319 1270/1270/1270
f 1271/1271/1271 1272/1272/1272 1321/1321/1321
f 1321/1321/1321 1320/1320/1320 1271/1271/1271
f 1272/1272/1272 1273/1273/1273 1322/1322/1322
f 1322/1322/1322 1321/1321/1321 1272/1272/1272
f 1273/1273/1273 1274/1274/1274 1323/1323/1323
f 1323/1323/1323 1322/1322/1322 1273/1273/1273
f 1275/1275/1275 1276/1276/1276 1325/1325/1325
f 1325/1325/1325 1324/1324/1324 1275/1275/1275
f 1276/1276/1276 1277/1277/1277 1326/1326/1326
f 1326/1326/1326 1325/1325/1325 1276/1276/1276
f 1277/1277/1277 1278/1278/1278 1327/1327/1327
f 1327/1327/1327 1326/1326/1326 1277/1277/1277
f 1278/1278/1278 1279/1279/1279 1328/1328/1328
f 1328/1328/1328 1327/1327/1327 1278/1278/1278
f 1279/1279/1279 1280/1280/1280 1329/1329/1329
f 1329/1329/1329 1328/1328/1328 1279/1279/1279
f 1280/1280/1280 1281/1281/1281 1330/1330/1330
f 1330/1330/1330 1329/1329/1329 1280/1280/1280
f 1281/1281/1281 1282/1282/1282 1331/1331/1331
f 1331/1331/1331 1330/1330/1330 1281/1281/1281
f 1282/1282/1282 1283/1283/1283 1332/1332/1332
f 1332/1332/1332 1331/1331/1331 1282/1282/1282
f 1283/1283/1283 1284/1284/1284 1333/1333/1333
f 1333/1333/1333 1332/1332/1332 1283/1283/1283
f 1284/1284/1284 1285/1285/1285 1334/1334/1334
f 1334/1334/1334 1333/1333/1333 1284/1284/1284
f 1285/1285/1285 1286/1286/1286 1335/1335/1335
f 1335/1335/1335 1334/1334/1334 1285/1285/1285
f 1286/1286/1286 1287/1287/1287 1336/1336/1336
f 1336/1336/1336 1335/1335/1335 1286/1286/1286
f 1287/1287/1287 1288/1288/1288 1337/1337/1337
f 1337/1337/1337 1336/1336/1336 1287/1287/1287
f 1288/1288/1288 1289/1289/1289 1338/1338/1338
f 1338/1338/1338 1337/1337/1337 1288/1288/1288
f 1289/1289/1289 1290/1290/1290 1339/1339/1339
f 1339/1339/1339 1338/1338/1338 1289/1289/1289
f 1290/1290/1290 1291/1291/1291 1340/1340/1340
f 1340/1340/1340 1339/1339/1339 1290/1290/1290
f 1291/1291/1291 1292/1292/1292 1341/1341/1341
f 1341/1341/1341 1340/1340/1340 1291/1291/1291
f 1292/1292/1292 1293/1293/1293 1342/1342/1342
f 1342/1342/1342 1341/1341/1341 1292/1292/1292
f 1293/1293/1293 1294/1294/1294 1343/1343/1343
f 1343/1343/1343 1342/1342/1342 1293/1293/1293
f 1294/1294/1294 1295/1295/1295 1344/1344/1344
f 1344/1344/1344 1343/1343/1343 1294/1294/1294
f 1295/1295/1295 1296/1296/1296 1345/1345/1345
f 1345/1345/1345 1344/1344/1344 1295/1295/1295
f 1296/1296/1296 1297/1297/1297 1346/1346/1346
f 1346/1346/1346 1345/1345/1345 1296/1296/1296
f 1297/1297/1297 1298/1298/1298 1347/1347/1347
f 1347/1347/1347 1346/1346/1346 1297/1297/1297
f 1298/1298/1298 1299/1299/1299 1348/1348/1348
f 1348/1348/1348 1347/1347/1347 1298/1298/1298
f 1299/1299/1299 1300/1300/1300 1349/1349/1349
f 1349/1349/1349 1348/1348/1348 1299/1299/1299
f 1300/1300/1300 1301/1301/1301 1350/1350/1350
f 1350/1350/1350 1349/1349/1349 1300/1300/1300
f 1301/1301/1301 1302/1302/1302 1351/1351/1351
f 1351/1351/1351 1350/1350/1350 1301/1301/1301
f 1302/1302/1302 1303/1303/1303 1352/1352/1352
f 1352/1352/1352 1351/1351/1351 1302/1302/1302
f 1303/1303/1303 1304/1304/1304 1353/1353/1353
f 1353/1353/1353 1352/1352/1352 1303/1303/1303
f 1304/1304/1304 1305/1305/1305 1354/1354/1354
f 1354/1354/1354 1353/1353/1353 1304/1304/1304
f 1305/1305/1305 1306/1306/1306 1355/1355/1355
f 1355/1355/1355 1354/1354/1354 1305/1305/1305
f 1306/1306/1306 1307/1307/1307 1356/1356/1356
f 1356/1356/1356 1355/1355/1355 1306/1306/1306
f 1307/1307/1307 1308/1308/1308 1357/1357/1357
f 1357/1357/1357 1356/1356/1356 1307/1307/1307
f 1308/1308/1308 1309/1309/1309 1358/1358/1358
f 1358/1358/1358 1357/1357/1357 1308/1308/1308
f 1309/1309/1309 1310/1310/1310 1359/1359/1359
f 1359/1359/1359 1358/1358/1358 1309/1309/1309
f 1310/1310/1310 1311/1311/1311 1360/1360/1360
f 1360/1360/1360 1359/1359/1359 1310/1310/1310
f 1311/1311/1311 1312/1312/1312 1361/1361/1361
f 1361/1361/1361 1360/1360/1360 1311/1311/1311
f 1312/1312/1312 1313/1313/1313 1362/1362/1362
f 1362/1362/1362 1361/1361/1361 1312/1312/1312
f 1313/1313/1313 1314/1314/1314 1363/1363/1363
f 1363/1363/1363 1362/1362/1362 1313/1313/1313
f 1314/1314/1314 1315/1315/1315 1364/1364/1364
f 1364/1364/1364 1363/1363/1363 1314/1314/1314
f 1315/1315/1315 1316/1316/1316 1365/1365/1365
f 1365/1365/1365 1364/1364/1364 1315/1315/1315
f 1316/1316/1316 1317/1317/1317 1366/1366/1366
f 1366/1366/1366 1365/1365/1365 1316/1316/1316
f 1317/1317/1317 1318/1318/1318 1367/1367/1367
f 1367/1367/1367 1366/1366/1366 1317/1317/1317
f 1318/1318/1318 1319/1319/1319 1368/1368/1368
f 1368/1368/1368 1367/1367/1367 1318/1318/1318
f 1319/1319/1319 1320/1320/1320 1369/1369/1369
f 1369/1369/1369 1368/1368/1368 1319/1319/1319
f 1320/1320/1320 1321/1321/1321 1370/1370/1370
f 1370/1370/1370 1369/1369/1369 1320/1320/1320
f 1321/1321/1321 1322/1322/1322 1371/1371/1371
f 1371/1371/1371 1370/1370/1370 1321/1321/1321
f 1322/1322/1322 1323/1323/1323 1372/1372/1372
f 1372/1372/1372 1371/1371/1371 1322/1322/1322
f 1324/1324/1324 1325/1325/1325 1374/1374/1374
f 1374/1374/1374 1373/1373/1373 1324/1324/1324
f 1325/1325/1325 1326/1326/1326 1375/1375/1375
f 1375/1375/1375 1374/1374/1374 1325/1325/1325
f 1326/1326/1326 1327/1327/1327 1376/1376/1376
f 1376/1376/1376 1375/1375/1375 1326/1326/1326
f 1327/1327/1327 1328/1328/1328 1377/1377/1377
f 1377/1377/1377 1376/1376/1376 1327/1327/1327
f 1328/1328/1328 1329/1329/1329 1378/1378/1378
f 1378/1378/1378 1377/1377/1377 1328/1328/1328
f 1329/1329/1329 1330/1330/1330 1379/1379/1379
f 1379/1379/1379 1378/1378/1378 1329/1329/1329
f 1330/1330/1330 1331/1331/1331 1380/1380/1380
f 1380/1380/1380 1379/1379/1379 1330/1330/1330
f 1331/1331/1331 1332/1332/1332 1381/1381/1381
f 1381/1381/1381 1380/1380/1380 1331/1331/1331
f 1332/1332/1332 1333/1333/1333 1382/1382/1382
f 1382/1382/1382 1381/1381/1381 1332/1332/1332
f 1333/1333/1333 1334/1334/1334 1383/1383/1383
f 1383/1383/1383 1382/1382/1382 1333/1333/1333
f 1334/1334/1334 1335/1335/1335 1384/1384/1384
f 1384/1384/1384 1383/1383/1383 1334/1334/1334
f 1335/1335/1335 1336/1336/1336 1385/1385/1385
f 1385/1385/1385 1384/1384/1384 1335/1335/1335
f 1336/1336/1336 1337/1337/1337 1386/1386/1386
f 1386/1386/1386 1385/1385/1385 1336/1336/1336
f 1337/1337/1337 1338/1338/1338 1387/1387/1387
f 1387/1387/1387 1386/1386/1386 1337/1337/1337
f 1338/1338/1338 1339/1339/1339 1388/1388/1388
f 1388/1388/1388 1387/1387/1387 1338/1338/1338
f 1339/1339/1339 1340/1340/1340 1389/1389/1389
f 1389/1389/1389 1388/1388/1388 1339/1339/1339
f 1340/1340/1340 1341/1341/1341 1390/1390/1390
f 1390/1390/1390 1389/1389/1389 1340/1340/1340
f 1341/1341/1341 1342/1342/1342 1391/1391/1391
f 1391/1391/1391 1390/1390/1390 1341/1341/1341
f 1342/1342/1342 1343/1343/1343 1392/1392/1392
f 1392/1392/1392 1391/1391/1391 1342/1342/1342
f 1343/1343/1343 1344/1344/1344 1393/1393/1393
f 1393/1393/1393 1392/1392/1392 1343/1343/1343
f 1344/1344/1344 1345/1345/1345 1394/1394/1394
f 1394/1394/1394 1393/1393/1393 1344/1344/1344
f 1345/1345/1345 1346/1346/1346 1395/1395/1395
f 1395/1395/1395 1394/1394/1394 1345/1345/1345
f 1346/1346/1346 1347/1347/1347 1396/1396/1396
f 1396/1396/1396 1395/1395/1395 1346/1346/1346
f 1347/1347/1347 1348/1348/1348 1397/1397/1397
f 1397/1397/1397 1396/1396/1396 1347/1347/1347
f 1348/1348/1348 1349/1349/1349 1398/1398/1398
f 1398/1398/1398 1397/1397/1397 1348/1348/1348
f 1349/1349/1349 1350/1350/1350 1399/1399/1399
f 1399/1399/1399 1398/1398/1398 1349/1349/1349
f 1350/1350/1350 1351/1351/1351 1400/1400/1400
f 1400/1400/1400 1399/1399/1399 1350/1350/1350
f 1351/1351/1351 1352/1352/1352 1401/1401/1401
f 1401/1401/1401 1400/1400/1400 1351/1351/1351
f 1352/1352/1352 1353/1353/1353 1402/1402/1402
f 1402/1402/1402 1401/1401/1401 1352/1352/1352
f 1353/1353/1353 1354/1354/1354 1403/1403/1403
f 1403/1403/1403 1402/1402/1402 1353/1353/1353
f 1354/1354/1354 1355/1355/1355 1404/1404/1404
f 1404/1404/1404 1403/1403/1403 1354/1354/1354
f 1355/1355/1355 1356/1356/1356 1405/1405/1405
f 1405/1405/1405 1404/1404/1404 1355/1355/1355
f 1356/1356/1356 1357/1357/1357 1406/1406/1406
f 1406/1406/1406 1405/1405/1405 1356/1356/1356
f 1357/1357/1357 1358/1358/1358 1407/1407/1407
f 1407/1407/1407 1406/1406/1406 1357/1357/1357
f 1358/1358/1358 1359/1359/1359 1408/1408/1408
f 1408/1408/1408 1407/1407/1407 1358/1358/1358
f 1359/1359/1359 1360/1360/1360 1409/1409/1409
f 1409/1409/1409 1408/1408/1408 1359/1359/1359
f 1360/1360/1360 1361/1361/1361 1410/1410/1410
f 1410/1410/1410 1409/1409/1409 1360/1360/1360
f 1361/1361/1361 1362/1362/1362 1411/1411/1411
f 1411/1411/1411 1410/1410/1410 1361/1361/1361
f 1362/1362/1362 1363/1363/1363 1412/1412/1412
f 1412/1412/1412 1411/1411/1411 1362/1362/1362
f 1363/1363/1363 1364/1364/1364 1413/1413/1413
f 1413/1413/1413 1412/1412/1412 1363/1363/1363
f 1364/1364/1364 1365/1365/1365 1414/1414/1414
f 1414/1414/1414 1413/1413/1413 1364/1364/1364
f 1365/1365/1365 1366/1366/1366 1415/1415/1415
f 1415/1415/1415 1414/1414/1414 1365/1365/1365
f 1366/1366/1366 1367/1367/1367 1416/1416/1416
f 1416/1416/1416 1415/1415/1415 1366/1366/1366
f 1367/1367/1367 1368/1368/1368 1417/1417/1417
f 1417/1417/1417 1416/1416/1416 1367/1367/1367
f 1368/1368/1368 1369/1369/1369 1418/1418/1418
f 1418/1418/1418 1417/1417/1417 1368/1368/1368
f 1369/1369/1369 1370/1370/1370 1419/1419/1419
f 1419/1419/1419 1418/1418/1418 1369/1369/1369
f 1370/1370/1370 1371/1371/1371 1420/1420/1420
f 1420/1420/1420 1419/1419/1419 1370/1370/1370
f 1371/1371/1371 1372/1372/1372 1421/1421/1421
f 1421/1421/1421 1420/1420/1420 1371/1371/1371
f 1373/1373/1373 1374/1374/1374 1423/1423/1423
f 1423/1423/1423 1422/1422/1422 1373/1373/1373
f 1374/1374/1374 1375/1375/1375 1424/1424/1424
f 1424/1424/1424 1423/1423/1423 1374/1374/1374
f 1375/1375/1375 1376/1376/1376 1425/1425/1425
f 1425/1425/1425 1424/1424/1424 1375/1375/1375
f 1376/1376/1376 1377/1377/1377 1426/1426/1426
f 1426/1426/1426 1425/1425/1425 1376/1376/1376
f 1377/1377/1377 1378/1378/1378 1427/1427/1427
f 1427/1427/1427 1426/1426/1426 1377/1377/1377
f 1378/1378/1378 1379/1379/1379 1428/1428/1428
f 1428/1428/1428 1427/1427/1427 1378/1378/1378
f 1379/1379/1379 1380/1380/1380 1429/1429/1429
f 1429/1429/1429 1428/1428/1428 1379/1379/1379
f 1380/1380/1380 1381/1381/1381 1430/1430/1430
f 1430/1430/1430 1429/1429/1429 1380/1380/1380
f 1381/1381/1381 1382/1382/1382 1431/1431/1431
f 1431/1431/1431 1430/1430/1430 1381/1381/1381
f 1382/1382/1382 1383/1383/1383 1432/1432/1432
f 1432/1432/1432 1431/1431/1431 1382/1382/1382
f 1383/1383/1383 1384/1384/1384 1433/1433/1433
f 1433/1433/1433 1432/1432/1432 1383/1383/1383
f 1384/1384/1384 1385/1385/1385 1434/1434/1434
f 1434/1434/1434 1433/1433/1433 1384/1384/1384
f 1385/1385/1385 1386/1386/1386 1435/1435/1435
f 1435/1435/1435 1434/1434/1434 1385/1385/1385
f 1386/1386/1386 1387/1387/1387 1436/1436/1436
f 1436/1436/1436 1435/1435/1435 1386/1386/1386
f 1387/1387/1387 1388/1388/1388 1437/1437/1437
f 1437/1437/1437 1436/1436/1436 1387/1387/1387
f 1388/1388/1388 1389/1389/1389 1438/1438/1438
f 1438/1438/1438 1437/1437/1437 1388/1388/1388
f 1389/1389/1389 1390/1390/1390 1439/1439/1439
f 1439/1439/1439 1438/1438/1438 1389/1389/1389
f 1390/1390/1390 1391/1391/1391 1440/1440/1440
f 1440/1440/1440 1439/1439/1439 1390/1390/1390
f 1391/1391/1391 1392/1392/1392 1441/1441/1441
f 1441/1441/1441 1440/1440/1440 1391/1391/1391
f 1392/1392/1392 1393/1393/1393 1442/1442/1442
f 1442/1442/1442 1441/1441/1441 1392/1392/1392
f 1393/1393/1393 1394/1394/1394 1443/1443/1443
f 1443/1443/1443 1442/1442/1442 1393/1393/1393
f 1394/1394/1394 1395/1395/1395 1444/1444/1444
f 1444/1444/1444 1443/1443/1443 1394/1394/1394
f 1395/1395/1395 1396/1396/1396 1445/1445/1445
f 1445/1445/1445 1444/1444/1444 1395/1395/1395
f 1396/1396/1396 1397/1397/1397 1446/1446/1446
f 1446/1446/1446 1445/1445/1445 1396/1396/1396
f 1397/1397/1397 1398/1398/1398 1447/1447/1447
f 1447/1447/1447 1446/1446/1446 1397/1397/1397
f 1398/1398/1398 1399/1399/1399 1448/1448/1448
f 1448/1448/1448 1447/1447/1447 1398/1398/1398
f 1399/1399/1399 1400/1400/1400 1449/1449/1449
f 1449/1449/1449 1448/1448/1448 1399/1399/1399
f 1400/1400/1400 1401/1401/1401 1450/1450/1450
f 1450/1450/1450 1449/1449/1449 1400/1400/1400
f 1401/1401/1401 1402/1402/1402 1451/1451/1451
f 1451/1451/1451 1450/1450/1450 1401/1401/1401
f 1402/1402/1402 1403/1403/1403 1452/1452/1452
f 1452/1452/1452 1451/1451/1451 1402/1402/1402
f 1403/1403/1403 1404/1404/1404 1453/1453/1453
f 1453/1453/1453 1452/1452/1452 1403/1403/1403
f 1404/1404/1404 1405/1405/1405 1454/1454/1454
f 1454/1454/1454 1453/1453/1453 1404/1404/1404
f 1405/1405/1405 1406/1406/1406 1455/1455/1455
f 1455/1455/1455 1454/1454/1454 1405/1405/1405
f 1406/1406/1406 1407/1407/1407 1456/1456/1456
f 1456/1456/1456 1455/1455/1455 1406/1406/1406
f 1407/1407/1407 1408/1408/1408 1457/1457/1457
f 1457/1457/1457 1456/1456/1456 1407/1407/1407
f 1408/1408/1408 1409/1409/1409 1458/1458/1458
f 1458/1458/1458 1457/1457/1457 1408/1408/1408
f 1409/1409/1409 1410/1410/1410 1459/1459/1459
f 1459/1459/1459 1458/1458/1458 1409/1409/1409
f 1410/1410/1410 1411/1411/1411 1460/1460/1460
f 1460/1460/1460 1459/1459/1459 1410/1410/1410
f 1411/1411/1411 1412/1412/1412 1461/1461/1461
f 1461/1461/1461 1460/1460/1460 1411/1411/1411
f 1412/1412/1412 1413/1413/1413 1462/1462/1462
f 1462/1462/1462 1461/1461/1461 1412/1412/1412
f 1413/1413/1413 1414/1414/1414 1463/1463/1463
f 1463/1463/1463 1462/1462/1462 1413/1413/1413
f 1414/1414/1414 1415/1415/1415 1464/1464/1464
f 1464/1464/1464 1463/1463/1463 1414/1414/1414
f 1415/1415/1415 1416/1416/1416 1465/1465/1465
f 1465/1465/1465 1464/1464/1464 1415/1415/1415
f 1416/1416/1416 1417/1417/1417 1466/1466/1466
f 1466/1466/1466 1465/1465/1465 1416/1416/1416
f 1417/1417/1417 1418/1418/1418 1467/1467/1467
f 1467/1467/1467 1466/1466/1466 1417/1417/1417
f 1418/1418/1418 1419/1419/1419 1468/1468/1468
f 1468/1468/1468 1467/1467/1467 1418/1418/1418
f 1419/1419/1419 1420/1420/1420 1469/1469/1469
f 1469/1469/1469 1468/1468/1468 1419/1419/1419
f 1420/1420/1420 1421/1421/1421 1470/1470/1470
f 1470/1470/1470 1469/1469/1469 1420/1420/1420
f 1422/1422/1422 1423/1423/1423 1472/1472/1472
f 1472/1472/1472 1471/1471/1471 1422/1422/1422
f 1423/1423/1423 1424/1424/1424 1473/1473/1473
f 1473/1473/1473 1472/1472/1472 1423/1423/1423
f 1424/1424/1424 1425/1425/1425 1474/1474/1474
f 1474/1474/1474 1473/1473/1473 1424/1424/1424
f 1425/1425/1425 1426/1426/1426 1475/1475/1475
f 1475/1475/1475 1474/1474/1474 1425/1425/1425
f 1426/1426/1426 1427/1427/1427 1476/1476/1476
f 1476/1476/1476 1475/1475/1475 1426/1426/1426
f 1427/1427/1427 1428/1428/1428 1477/1477/1477
f 1477/1477/1477 1476/1476/1476 1427/1427/1427
f 1428/1428/1428 1429/1429/1429 1478/1478/1478
f 1478/1478/1478 1477/1477/1477 1428/1428/1428
f 1429/1429/1429 1430/1430/1430 1479/1479/1479
f 1479/1479/1479 1478/1478/1478 1429/1429/1429
f 1430/1430/1430 1431/1431/1431 1480/1480/1480
f 1480/1480/1480 1479/1479/1479 1430/1430/1430
f 1431/1431/1431 1432/1432/1432 1481/1481/1481
f 1481/1481/1481 1480/1480/1480 1431/1431/1431
f 1432/1432/1432 1433/1433/1433 1482/1482/1482
f 1482/1482/1482 1481/1481/1481 1432/1432/1432
f 1433/1433/1433 1434/1434/1434 1483/1483/1483
f 1483/1483/1483 1482/1482/1482 1433/1433/1433
f 1434/1434/1434 1435/1435/1435 1484/1484/1484
f 1484/1484/1484 1483/1483/1483 1434/1434/1434
f 1435/1435/1435 1436/1436/1436 1485/1485/1485
f 1485/1485/1485 1484/1484/1484 1435/1435/1435
f 1436/1436/1436 1437/1437/1437 1486/1486/1486
f 1486/1486/1486 1485/1485/1485 1436/1436/1436
f 1437/1437/1437 1438/1438/1438 1487/1487/1487
f 1487/1487/1487 1486/1486/1486 1437/1437/1437
f 1438/1438/1438 1439/1439/1439 1488/1488/1488
f 1488/1488/1488 1487/1487/1487 1438/1438/1438
f 1439/1439/1439 1440/1440/1440 1489/1489/1489
f 1489/1489/1489 1488/1488/1488 1439/1439/1439
f 1440/1440/1440 1441/1441/1441 1490/1490/1490
f 1490/1490/1490 1489/1489/1489 1440/1440/1440
f 1441/1441/1441 1442/1442/1442 1491/1491/1491
f 1491/1491/1491 1490/1490/1490 1441/1441/1441
f 1442/1442/1442 1443/1443/1443 1492/1492/1492
f 1492/1492/1492 1491/1491/1491 1442/1442/1442
f 1443/1443/1443 1444/1444/1444 1493/1493/1493
f 1493/1493/1493 1492/1492/1492 1443/1443/1443
f 1444/1444/1444 1445/1445/1445 1494/1494/1494
f 1494/1494/1494 1493/1493/1493 1444/1444/1444
f 1445/1445/1445 1446/1446/1446 1495/1495/1495
f 1495/1495/1495 1494/1494/1494 1445/1445/1445
f 1446/1446/1446 1447/1447/1447 1496/1496/1496
f 1496/1496/1496 1495/1495/1495 1446/1446/1446
f 1447/1447/1447 1448/1448/1448 1497/1497/1497
f 1497/1497/1497 1496/1496/1496 1447/1447/1447
f 1448/1448/1448 1449/1449/1449 1498/1498/1498
f 1498/1498/1498 1497/1497/1497 1448/1448/1448
f 1449/1449/1449 1450/1450/1450 1499/1499/1499
f 1499/1499/1499 1498/1498/1498 1449/1449/1449
f 1450/1450/1450 1451/1451/1451 1500/1500/1500
f 1500/1500/1500 1499/1499/1499 1450/1450/1450
f 1451/1451/1451 1452/1452/1452 1501/1501/1501
f 1501/1501/1501 1500/1500/1500 1451/1451/1451
f 1452/1452/1452 1453/1453/1453 1502/1502/1502
f 1502/1502/1502 1501/1501/1501 1452/1452/1452
f 1453/1453/1453 1454/1454/1454 1503/1503/1503
f 1503/1503/1503 1502/1502/1502 1453/1453/1453
f 1454/1454/1454 1455/1455/1455 1504/1504/1504
f 1504/1504/1504 1503/1503/1503 1454/1454/1454
f 1455/1455/1455 1456/1456/1456 1505/1505/1505
f 1505/1505/1505 1504/1504/1504 1455/1455/1455
f 1456/1456/1456 1457/1457/1457 1506/1506/1506
f 1506/1506/1506 1505/1505/1505 1456/1456/1456
f 1457/1457/1457 1458/1458/1458 1507/1507/1507
f 1507/1507/1507 1506/1506/1506 1457/1457/1457
f 1458/1458/1458 1459/1459/1459 1508/1508/1508
f 1508/1508/1508 1507/1507/1507 1458/1458/1458
f 1459/1459/1459 1460/1460/1460 1509/1509/1509
f 1509/1509/1509 1508/1508/1508 1459/1459/1459
f 1460/1460/1460 1461/1461/1461 1510/1510/1510
f 1510/1510/1510 1509/1509/1509 1460/1460/1460
f 1461/1461/1461 1462/1462/1462 1511/1511/1511
f 1511/1511/1511 1510/1510/1510 1461/1461/1461
f 1462/1462/1462 1463/1463/1463 1512/1512/1512
f 1512/1512/1512 1511/1511/1511 1462/1462/1462
f 1463/1463/1463 1464/1464/1464 1513/1513/1513
f 1513/1513/1513 1512/1512/1512 1463/1463/1463
f 1464/1464/1464 1465/1465/1465 1514/1514/1514
f 1514/1514/1514 1513/1513/1513 1464/1464/1464
f 1465/1465/1465 1466/1466/1466 1515/1515/1515
f 1515/1515/1515 1514/1514/1514 1465/1465/1465
f 1466/1466/1466 1467/1467/1467 1516/1516/1516
f 1516/1516/1516 1515/1515/1515 1466/1466/1466
f 1467/1467/1467 1468/1468/1468 1517/1517/1517
f 1517/1517/1517 1516/1516/1516 1467/1467/1467
f 1468/1468/1468 1469/1469/1469 1518/1518/1518
f 1518/1518/1518 1517/1517/1517 1468/1468/1468
f 1469/1469/1469 1470/1470/1470 1519/1519/1519
f 1519/1519/1519 1518/1518/1518 1469/1469/1469
f 1471/1471/1471 1472/1472/1472 1521/1521/1521
f 1521/1521/1521 1520/1520/1520 1471/1471/1471
f 1472/1472/1472 1473/1473/1473 1522/1522/1522
f 1522/1522/1522 1521/1521/1521 1472/1472/1472
f 1473/1473/1473 1474/1474/1474 1523/1523/1523
f 1523/1523/1523 1522/1522/1522 1473/1473/1473
f 1474/1474/1474 1475/1475/1475 1524/1524/1524
f 1524/1524/1524 1523/1523/1523 1474/1474/1474
f 1475/1475/1475 1476/1476/1476 1525/1525/1525
f 1525/1525/1525 1524/1524/1524 1475/1475/1475
f 1476/1476/1476 1477/1477/1477 1526/1526/1526
f 1526/1526/1526 1525/1525/1525 1476/1476/1476
f 1477/1477/1477 1478/1478/1478 1527/1527/1527
f 1527/1527/1527 1526/1526/1526 1477/1477/1477
f 1478/1478/1478 1479/1479/1479 1528/1528/1528
f 1528/1528/1528 1527/1527/1527 1478/1478/1478
f 1479/1479/1479 1480/1480/1480 1529/1529/1529
f 1529/1529/1529 1528/1528/1528 1479/1479/1479
f 1480/1480/1480 1481/1481/1481 1530/1530/1530
f 1530/1530/1530 1529/1529/1529 1480/1480/1480
f 1481/1481/1481 1482/1482/1482 1531/1531/1531
f 1531/1531/1531 1530/1530/1530 1481/1481/1481
f 1482/1482/1482 1483/1483/1483 1532/1532/1532
f 1532/1532/1532 1531/1531/1531 1482/1482/1482
f 1483/1483/1483 1484/1484/1484 1533/1533/1533
f 1533/1533/1533 1532/1532/1532 1483/1483/1483
f 1484/1484/1484 1485/1485/1485 1534/1534/1534
f 1534/1534/1534 1533/1533/1533 1484/1484/1484
f 1485/1485/1485 1486/1486/1486 1535/1535/1535
f 1535/1535/1535 1534/1534/1534 1485/1485/1485
f 1486/1486/1486 1487/1487/1487 1536/1536/1536
f 1536/1536/1536 1535/1535/1535 1486/1486/1486
f 1487/1487/1487 1488/1488/1488 1537/1537/1537
f 1537/1537/1537 1536/1536/1536 1487/1487/1487
f 1488/1488/1488 1489/1489/1489 1538/1538/1538
f 1538/1538/1538 1537/1537/1537 1488/1488/1488
f 1489/1489/1489 1490/1490/1490 1539/1539/1539
f 1539/1539/1539 1538/1538/1538 1489/1489/1489
f 1490/1490/1490 1491/1491/1491 1540/1540/1540
f 1540/1540/1540 1539/1539/1539 1490/1490/1490
f 1491/1491/1491 1492/1492/1492 1541/1541/1541
f 1541/1541/1541 1540/1540/1540 1491/1491/1491
f 1492/1492/1492 1493/1493/1493 1542/1542/1542
f 1542/1542/1542 1541/1541/1541 1492/1492/1492
f 1493/1493/1493 1494/1494/1494 1543/1543/1543
f 1543/1543/1543 1542/1542/1542 1493/1493/1493
f 1494/1494/1494 1495/1495/1495 1544/1544/1544
f 1544/1544/1544 1543/1543/1543 1494/1494/1494
f 1495/1495/1495 1496/1496/1496 1545/1545/1545
f 1545/1545/1545 1544/1544/1544 1495/1495/1495
f 1496/1496/1496 1497/1497/1497 1546/1546/1546
f 1546/1546/1546 1545/1545/1545 1496/1496/1496
f 1497/1497/1497 1498/1498/1498 1547/1547/1547
f 1547/1547/1547 1546/1546/1546 1497/1497/1497
f 1498/1498/1498 1499/1499/1499 1548/1548/1548
f 1548/1548/1548 1547/1547/1547 1498/1498/1498
f 1499/1499/1499 1500/1500/1500 1549/1549/1549
f 1549/1549/1549 1548/1548/1548 1499/1499/1499
f 1500/1500/1500 1501/1501/1501 1550/1550/1550
f 1550/1550/1550 1549/1549/1549 1500/1500/1500
f 1501/1501/1501 1502/1502/1502 1551/1551/1551
f 1551/1551/1551 1550/1550/1550 1501/1501/1501
f 1502/1502/1502 1503/1503/1503 1552/1552/1552
f 1552/1552/1552 1551/1551/1551 1502/1502/1502
f 1503/1503/1503 1504/1504/1504 1553/1553/1553
f 1553/1553/1553 1552/1552/1552 1503/1503/1503
f 1504/1504/1504 1505/1505/1505 1554/1554/1554
f 1554/1554/1554 1553/1553/1553 1504/1504/1504
f 1505/1505/1505 1506/1506/1506 1555/1555/1555
f 1555/1555/1555 1554/1554/1554 1505/1505/1505
f 1506/1506/1506 1507/1507/1507 1556/1556/1556
f 1556/1556/1556 1555/1555/1555 1506/1506/1506
f 1507/1507/1507 1508/1508/1508 1557/1557/1557
f 1557/1557/1557 1556/1556/1556 1507/1507/1507
f 1508/1508/1508 1509/1509/1509 1558/1558/1558
f 1558/1558/1558 1557/1557/1557 1508/1508/1508
f 1509/1509/1509 1510/1510/1510 1559/1559/1559
f 1559/1559/1559 1558/1558/1558 1509/1509/1509
f 1510/1510/1510 1511/1511/1511 1560/1560/1560
f 1560/1560/1560 1559/1559/1559 1510/1510/1510
f 1511/1511/1511 1512/1512/1512 1561/1561/1561
f 1561/1561/1561 1560/1560/1560 1511/1511/1511
f 1512/1512/1512 1513/1513/1513 1562/1562/1562
f 1562/1562/1562 1561/1561/1561 1512/1512/1512
f 1513/1513/1513 1514/1514/1514 1563/1563/1563
f 1563/1563/1563 1562/1562/1562 1513/1513/1513
f 1514/1514/1514 1515/1515/1515 1564/1564/1564
f 1564/1564/1564 1563/1563/1563 1514/1514/1514
f 1515/1515/1515 1516/1516/1516 1565/1565/1565
f 1565/1565/1565 1564/1564/1564 1515/1515/1515
f 1516/1516/1516 1517/1517/1517 1566/1566/1566
f 1566/1566/1566 1565/1565/1565 1516/1516/1516
f 1517/1517/1517 1518/1518/1518 1567/1567/1567
f 1567/1567/1567 1566/1566/1566 1517/1517/1517
f 1518/1518/1518 1519/1519/1519 1568/1568/1568
f 1568/1568/1568 1567/1567/1567 1518/1518/1518
f 1520/1520/1520 1521/1521/1521 1570/1570/1570
f 1570/1570/1570 1569/1569/1569 1520/1520/1520
f 1521/1521/1521 1522/1522/1522 1571/1571/1571
f 1571/1571/1571 1570/1570/1570 1521/1521/1521
f 1522/1522/1522 1523/1523/1523 1572/1572/1572
f 1572/1572/1572 1571/1571/1571 1522/1522/1522
f 1523/1523/1523 1524/1524/1524 1573/1573/1573
f 1573/1573/1573 1572/1572/1572 1523/1523/1523
f 1524/1524/1524 1525/1525/1525 1574/1574/1574
f 1574/1574/1574 1573/1573/1573 1524/1524/1524
f 1525/1525/1525 1526/1526/1526 1575/1575/1575
f 1575/1575/1575 1574/1574/1574 1525/1525/1525
f 1526/1526/1526 1527/1527/1527 1576/1576/1576
f 1576/1576/1576 1575/1575/1575 1526/1526/1526
f 1527/1527/1527 1528/1528/1528 1577/1577/1577
f 1577/1577/1577 1576/1576/1576 1527/1527/1527
f 1528/1528/1528 1529/1529/1529 1578/1578/1578
f 1578/1578/1578 1577/1577/1577 1528/1528/1528
f 1529/1529/1529 1530/1530/1530 1579/1579/1579
f 1579/1579/1579 1578/1578/1578 1529/1529/1529
f 1530/1530/1530 1531/1531/1531 1580/1580/1580
f 1580/1580/1580 1579/1579/1579 1530/1530/1530
f 1531/1531/1531 1532/1532/1532 1581/1581/1581
f 1581/1581/1581 1580/1580/1580 1531/1531/1531
f 1532/1532/1532 1533/1533/1533 1582/1582/1582
f 1582/1582/1582 1581/1581/1581 1532/1532/1532
f 1533/1533/1533 1534/1534/1534 1583/1583/1583
f 1583/1583/1583 1582/1582/1582 1533/1533/1533
f 1534/1534/1534 1535/1535/1535 1584/1584/1584
f 1584/1584/1584 1583/1583/1583 1534/1534/1534
f 1535/1535/1535 1536/1536/1536 1585/1585/1585
f 1585/1585/1585 1584/1584/1584 1535/1535/1535
f 1536/1536/1536 1537/1537/1537 1586/1586/1586
f 1586/1586/1586 1585/1585/1585 1536/1536/1536
f 1537/1537/1537 1538/1538/1538 1587/1587/1587
f 1587/1587/1587 1586/1586/1586 1537/1537/1537
f 1538/1538/1538 1539/1539/1539 1588/1588/1588
f 1588/1588/1588 1587/1587/1587 1538/1538/1538
f 1539/1539/1539 1540/1540/1540 1589/1589/1589
f 1589/1589/1589 1588/1588/1588 1539/1539/1539
f 1540/1540/1540 1541/1541/1541 1590/1590/1590
f 1590/1590/1590 1589/1589/1589 1540/1540/1540
f 1541/1541/1541 1542/1542/1542 1591/1591/1591
f 1591/1591/1591 1590/1590/1590 1541/1541/1541
f 1542/1542/1542 1543/1543/1543 1592/1592/1592
f 1592/1592/1592 1591/1591/1591 1542/1542/1542
f 1543/1543/1543 1544/1544/1544 1593/1593/1593
f 1593/1593/1593 1592/1592/1592 1543/1543/1543
f 1544/1544/1544 1545/1545/1545 1594/1594/1594
f 1594/1594/1594 1593/1593/1593 1544/1544/1544
f 1545/1545/1545 1546/1546/1546 1595/1595/1595
f 1595/1595/1595 1594/1594/1594 1545/1545/1545
f 1546/1546/1546 1547/1547/1547 1596/1596/1596
f 1596/1596/1596 1595/1595/1595 1546/1546/1546
f 1547/1547/1547 1548/1548/1548 1597/1597/1597
f 1597/1597/1597 1596/1596/1596 1547/1547/1547
f 1548/1548/1548 1549/1549/1549 1598/1598/1598
f 1598/1598/1598 1597/1597/1597 1548/1548/1548
f 1549/1549/1549 1550/1550/1550 1599/1599/1599
f 1599/1599/1599 1598/1598/1598 1549/1549/1549
f 1550/1550/1550 1551/1551/1551 1600/1600/1600
f 1600/1600/1600 1599/1599/1599 1550/1550/1550
f 1551/1551/1551 1552/1552/1552 1601/1601/1601
f 1601/1601/1601 1600/1600/1600 1551/1551/1551
f 1552/1552/1552 1553/1553/1553 1602/1602/1602
f 1602/1602/1602 1601/1601/1601 1552/1552/1552
f 1553/1553/1553 1554/1554/1554 1603/1603/1603
f 1603/1603/1603 1602/1602/1602 1553/1553/1553
f 1554/1554/1554 1555/1555/1555 1604/1604/1604
f 1604/1604/1604 1603/1603/1603 1554/1554/1554
f 1555/1555/1555 1556/1556/1556 1605/1605/1605
f 1605/1605/1605 1604/1604/1604 1555/1555/1555
f 1556/1556/1556 1557/1557/1557 1606/1606/1606
f 1606/1606/1606 1605/1605/1605 1556/1556/1556
f 1557/1557/1557 1558/1558/1558 1607/1607/1607
f 1607/1607/1607 1606/1606/1606 1557/1557/1557
f 1558/1558/1558 1559/1559/1559 1608/1608/1608
f 1608/1608/1608 1607/1607/1607 1558/1558/1558
f 1559/1559/1559 1560/1560/1560 1609/1609/1609
f 1609/1609/1609 1608/1608/1608 1559/1559/1559
f 1560/1560/1560 1561/1561/1561 1610/1610/1610
f 1610/1610/1610 1609/1609/1609 1560/1560/1560
f 1561/1561/1561 1562/1562/1562 1611/1611/1611
f 1611/1611/1611 1610/1610/1610 1561/1561/1561
f 1562/1562/1562 1563/1563/1563 1612/1612/1612
f 1612/1612/1612 1611/1611/1611 1562/1562/1562
f 1563/1563/1563 1564/1564/1564 1613/1613/1613
f 1613/1613/1613 1612/1612/1612 1563/1563/1563
f 1564/1564/1564 1565/1565/1565 1614/1614/1614
f 1614/1614/1614 1613/1613/1613 1564/1564/1564
f 1565/1565/1565 1566/1566/1566 1615/1615/1615
f 1615/1615/1615 1614/1614/1614 1565/1565/1565
f 1566/1566/1566 1567/1567/1567 1616/1616/1616
f 1616/1616/1616 1615/1615/1615 1566/1566/1566
f 1567/1567/1567 1568/1568/1568 1617/1617/1617
f 1617/1617/1617 1616/1616/1616 1567/1567/1567
f 1569/1569/1569 1570/1570/1570 1619/1619/1619
f 1619/1619/1619 1618/1618/1618 1569/1569/1569
f 1570/1570/1570 1571/1571/1571 1620/1620/1620
f 1620/1620/1620 1619/1619/1619 1570/1570/1570
f 1571/1571/1571 1572/1572/1572 1621/1621/1621
f 1621/1621/1621 1620/1620/1620 1571/1571/1571
f 1572/1572/1572 1573/1573/1573 1622/1622/1622
f 1622/1622/1622 1621/1621/1621 1572/1572/1572
f 1573/1573/1573 1574/1574/1574 1623/1623/1623
f 1623/1623/1623 1622/1622/1622 1573/1573/1573
f 1574/1574/1574 1575/1575/1575 1624/1624/1624
f 1624/1624/1624 1623/1623/1623 1574/1574/1574
f 1575/1575/1575 1576/1576/1576 1625/1625/1625
f 1625/1625/1625 1624/1624/1624 1575/1575/1575
f 1576/1576/1576 1577/1577/1577 1626/1626/1626
f 1626/1626/1626 1625/1625/1625 1576/1576/1576
f 1577/1577/1577 1578/1578/1578 1627/1627/1627
f 1627/1627/1627 1626/1626/1626 1577/1577/1577
f 1578/1578/1578 1579/1579/1579 1628/1628/1628
f 1628/1628/1628 1627/1627/1627 1578/1578/1578
f 1579/1579/1579 1580/1580/1580 1629/1629/1629
f 1629/1629/1629 1628/1628/1628 1579/1579/1579
f 1580/1580/1580 1581/1581/1581 1630/1630/1630
f 1630/1630/1630 1629/1629/1629 1580/1580/1580
f 1581/1581/1581 1582/1582/1582 1631/1631/1631
f 1631/1631/1631 1630/1630/1630 1581/1581/1581
f 1582/1582/1582 1583/1583/1583 1632/1632/1632
f 1632/1632/1632 1631/1631/1631 1582/1582/1582
f 1583/1583/1583 1584/1584/1584 1633/1633/1633
f 1633/1633/1633 1632/1632/1632 1583/1583/1583
f 1584/1584/1584 1585/1585/1585 1634/1634/1634
f 1634/1634/1634 1633/1633/1633 1584/1584/1584
f 1585/1585/1585 1586/1586/1586 1635/1635/1635
f 1635/1635/1635 1634/1634/1634 1585/1585/1585
f 1586/1586/1586 1587/1587/1587 1636/1636/1636
f 1636/1636/1636 1635/1635/1635 1586/1586/1586
f 1587/1587/1587 1588/1588/1588 1637/1637/1637
f 1637/1637/1637 1636/1636/1636 1587/1587/1587
f 1588/1588/1588 1589/1589/1589 1638/1638/1638
f 1638/1638/1638 1637/1637/1637 1588/1588/1588
f 1589/1589/1589 1590/1590/1590 1639/1639/1639
f 1639/1639/1639 1638/1638/1638 1589/1589/1589
f 1590/1590/1590 1591/1591/1591 1640/1640/1640
f 1640/1640/1640 1639/1639/1639 1590/1590/1590
f 1591/1591/1591 1592/1592/1592 1641/1641/1641
f 1641/1641/1641 1640/1640/1640 1591/1591/1591
f 1592/1592/1592 1593/1593/1593 1642/1642/1642
f 1642/1642/1642 1641/1641/1641 1592/1592/1592
f 1593/1593/1593 1594/1594/1594 1643/1643/1643
f 1643/1643/1643 1642/1642/1642 1593/1593/1593
f 1594/1594/1594 1595/1595/1595 1644/1644/1644
f 1644/1644/1644 1643/1643/1643 1594/1594/1594
f 1595/1595/1595 1596/1596/1596 1645/1645/1645
f 1645/1645/1645 1644/1644/1644 1595/1595/1595
f 1596/1596/1596 1597/1597/1597 1646/1646/1646
f 1646/1646/1646 1645/1645/1645 1596/1596/1596
f 1597/1597/1597 1598/1598/1598 1647/1647/1647
f 1647/1647/1647 1646/1646/1646 1597/1597/1597
f 1598/1598/1598 1599/1599/1599 1648/1648/1648
f 1648/1648/1648 1647/1647/1647 1598/1598/1598
f 1599/1599/1599 1600/1600/1600 1649/1649/1649
f 1649/1649/1649 1648/1648/1648 1599/1599/1599
f 1600/1600/1600 1601/1601/1601 1650/1650/1650
f 1650/1650/1650 1649/1649/1649 1600/1600/1600
f 1601/1601/1601 1602/1602/1602 1651/1651/1651
f 1651/1651/1651 1650/1650/1650 1601/1601/1601
f 1602/1602/1602 1603/1603/1603 1652/1652/1652
f 1652/1652/1652 1651/1651/1651 1602/1602/1602
f 1603/1603/1603 1604/1604/1604 1653/1653/1653
f 1653/1653/1653 1652/1652/1652 1603/1603/1603
f 1604/1604/1604 1605/1605/1605 1654/1654/1654
f 1654/1654/1654 1653/1653/1653 1604/1604/1604
f 1605/1605/1605 1606/1606/1606 1655/1655/1655
f 1655/1655/1655 1654/1654/1654 1605/1605/1605
f 1606/1606/1606 1607/1607/1607 1656/1656/1656
f 1656/1656/1656 1655/1655/1655 1606/1606/1606
f 1607/1607/1607 1608/1608/1608 1657/1657/1657
f 1657/1657/1657 1656/1656/1656 1607/1607/1607
f 1608/1608/1608 1609/1609/1609 1658/1658/1658
f 1658/1658/1658 1657/1657/1657 1608/1608/1608
f 1609/1609/1609 1610/1610/1610 1659/1659/1659
f 1659/1659/1659 1658/1658/1658 1609/1609/1609
f 1610/1610/1610 1611/1611/1611 1660/1660/1660
f 1660/1660/1660 1659/1659/1659 1610/1610/1610
f 1611/1611/1611 1612/1612/1612 1661/1661/1661
f 1661/1661/1661 1660/1660/1660 1611/1611/1611
f 1612/1612/1612 1613/1613/1613 1662/1662/1662
f 1662/1662/1662 1661/1661/1661 1612/1612/1612
f 1613/1613/1613 1614/1614/1614 1663/1663/1663
f 1663/1663/1663 1662/1662/1662 1613/1613/1613
f 1614/1614/1614 1615/1615/1615 1664/1664/1664
f 1664/1664/1664 1663/1663/1663 1614/1614/1614
f 1615/1615/1615 1616/1616/1616 1665/1665/1665
f 1665/1665/1665 1664/1664/1664 1615/1615/1615
f 1616/1616/1616 1617/1617/1617 1666/1666/1666
f 1666/1666/1666 1665/1665/1665 1616/1616/1616
f 1618/1618/1618 1619/1619/1619 1668/1668/1668
f 1668/1668/1668 1667/1667/1667 1618/1618/1618
f 1619/1619/1619 1620/1620/1620 1669/1669/1669
f 1669/1669/1669 1668/1668/1668 1619/1619/1619
f 1620/1620/1620 1621/1621/1621 1670/1670/1670
f 1670/1670/1670 1669/1669/1669 1620/1620/1620
f 1621/1621/1621 1622/1622/1622 1671/1671/1671
f 1671/1671/1671 1670/1670/1670 1621/1621/1621
f 1622/1622/1622 1623/1623/1623 1672/1672/1672
f 1672/1672/1672 1671/1671/1671 1622/1622/1622
f 1623/1623/1623 1624/1624/1624 1673/1673/1673
f 1673/1673/1673 1672/1672/1672 1623/1623/1623
f 1624/1624/1624 1625/1625/1625 1674/1674/1674
f 1674/1674/1674 1673/1673/1673 1624/1624/1624
f 1625/1625/1625 1626/1626/1626 1675/1675/1675
f 1675/1675/1675 1674/1674/1674 1625/1625/1625
f 1626/1626/1626 1627/1627/1627 1676/1676/1676
f 1676/1676/1676 1675/1675/1675 1626/1626/1626
f 1627/1627/1627 1628/1628/1628 1677/1677/1677
f 1677/1677/1677 1676/1676/1676 1627/1627/1627
f 1628/1628/1628 1629/1629/1629 1678/1678/1678
f 1678/1678/1678 1677/1677/1677 1628/1628/1628
f 1629/1629/1629 1630/1630/1630 1679/1679/1679
f 1679/1679/1679 1678/1678/1678 1629/1629/1629
f 1630/1630/1630 1631/1631/1631 1680/1680/1680
f 1680/1680/1680 1679/1679/1679 1630/1630/1630
f 1631/1631/1631 1632/1632/1632 1681/1681/1681
f 1681/1681/1681 1680/1680/1680 1631/1631/1631
f 1632/1632/1632 1633/1633/1633 1682/1682/1682
f 1682/1682/1682 1681/1681/1681 1632/1632/1632
f 1633/1633/1633 1634/1634/1634 1683/1683/1683
f 1683/1683/1683 1682/1682/1682 1633/1633/1633
f 1634/1634/1634 1635/1635/1635 1684/1684/1684
f 1684/1684/1684 1683/1683/1683 1634/1634/1634
f 1635/1635/1635 1636/1636/1636 1685/1685/1685
f 1685/1685/1685 1684/1684/1684 1635/1635/1635
f 1636/1636/1636 1637/1637/1637 1686/1686/1686
f 1686/1686/1686 1685/1685/1685 1636/1636/1636
f 1637/1637/1637 1638/1638/1638 1687/1687/1687
f 1687/1687/1687 1686/1686/1686 1637/1637/1637
f 1638/1638/1638 1639/1639/1639 1688/1688/1688
f 1688/1688/1688 1687/1687/1687 1638/1638/1638
f 1639/1639/1639 1640/1640/1640 1689/1689/1689
f 1689/1689/1689 1688/1688/1688 1639/1639/1639
f 1640/1640/1640 1641/1641/1641 1690/1690/1690
f 1690/1690/1690 1689/1689/1689 1640/1640/1640
f 1641/1641/1641 1642/1642/1642 1691/1691/1691
f 1691/1691/1691 1690/1690/1690 1641/1641/1641
f 1642/1642/1642 1643/1643/1643 1692/1692/1692
f 1692/1692/1692 1691/1691/1691 1642/1642/1642
f 1643/1643/1643 1644/1644/1644 1693/1693/1693
f 1693/1693/1693 1692/1692/1692 1643/1643/1643
f 1644/1644/1644 1645/1645/1645 1694/1694/1694
f 1694/1694/1694 1693/1693/1693 1644/1644/1644
f 1645/1645/1645 1646/1646/1646 1695/1695/1695
f 1695/1695/1695 1694/1694/1694 1645/1645/1645
f 1646/1646/1646 1647/1647/1647 1696/1696/1696
f 1696/1696/1696 1695/1695/1695 1646/1646/1646
f 1647/1647/1647 1648/1648/1648 1697/1697/1697
f 1697/1697/1697 1696/1696/1696 1647/1647/1647
f 1648/1648/1648 1649/1649/1649 1698/1698/1698
f 1698/1698/1698 1697/1697/1697 1648/1648/1648
f 1649/1649/1649 1650/1650/1650 1699/1699/1699
f 1699/1699/1699 1698/1698/1698 1649/1649/1649
f 1650/1650/1650 1651/1651/1651 1700/1700/1700
f 1700/1700/1700 1699/1699/1699 1650/1650/1650
f 1651/1651/1651 1652/1652/1652 1701/1701/1701
f 1701/1701/1701 1700/1700/1700 1651/1651/1651
f 1652/1652/1652 1653/1653/1653 1702/1702/1702
f 1702/1702/1702 1701/1701/1701 1652/1652/1652
f 1653/1653/1653 1654/1654/1654 1703/1703/1703
f 1703/1703/1703 1702/1702/1702 1653/1653/1653
f 1654/1654/1654 1655/1655/1655 1704/1704/1704
f 1704/1704/1704 1703/1703/1703 1654/1654/1654
f 1655/1655/1655 1656/1656/1656 1705/1705/1705
f 1705/1705/1705 1704/1704/1704 1655/1655/1655
f 1656/1656/1656 1657/1657/1657 1706/1706/1706
f 1706/1706/1706 1705/1705/1705 1656/1656/1656
f 1657/1657/1657 1658/1658/1658 1707/1707/1707
f 1707/1707/1707 1706/1706/1706 1657/1657/1657
f 1658/1658/1658 1659/1659/1659 1708/1708/1708
f 1708/1708/1708 1707/1707/1707 1658/1658/1658
f 1659/1659/1659 1660/1660/1660 1709/1709/1709
f 1709/1709/1709 1708/1708/1708 1659/1659/1659
f 1660/1660/1660 1661/1661/1661 1710/1710/1710
f 1710/1710/1710 1709/1709/1709 1660/1660/1660
f 1661/1661/1661 1662/1662/1662 1711/1711/1711
f 1711/1711/1711 1710/1710/1710 1661/1661/1661
f 1662/1662/1662 1663/1663/1663 1712/1712/1712
f 1712/1712/1712 1711/1711/1711 1662/1662/1662
f 1663/1663/1663 1664/1664/1664 1713/1713/1713
f 1713/1713/1713 1712/1712/1712 1663/1663/1663
f 1664/1664/1664 1665/1665/1665 1714/1714/1714
f 1714/1714/1714 1713/1713/1713 1664/1664/1664
f 1665/1665/1665 1666/1666/1666 1715/1715/1715
f 1715/1715/1715 1714/1714/1714 1665/1665/1665
